	null
C(=O)(c1c(cccc1Cl)Cl)O	L6J AG BVQ CG
C(=O)(c1c(c(ccc1Cl)Cl)Cl)O	L6J AG BVQ CG FG
C(=O)(c1c(c(ccc1)Cl)Cl)O	L6J AG BVQ FG
C(=O)(c1c(ccc(c1)Cl)Cl)O	L6J AG BVQ DG
C(=O)(c1c(cc(cc1)Cl)Cl)O	L6J AG BVQ EG
c1c(cc(c(c1)O)[N+](=O)[O-])[N+](=O)[O-]	L6J AKW DQ EKW
C(=O)(c1cc(cc(c1)Cl)Cl)O	L6J BVQ DG FG
C(=O)(c1cc(c(cc1)Cl)Cl)O	L6J BVQ EG FG
C(CN)c1ccc(cc1)O	L6J B2Z EQ
N(c1ccc(cc1)N=Nc1cc(ccc1)C)(C)C	L6J BN1&1 ENUN- BL6J F1
N(=Nc1ccccc1)c1ccc(cc1)N	L6J BNUN- BL6J EZ
Nc1ccccc1	L6J BZ
c1(c(c(ccc1)[N+](=O)[O-])[N+](=O)[O-])O	L6J AKW BQ FKW
S(Sc1ccc([N+](=O)[O-])c(C(=O)O)c1)c1ccc(c(c1)C(=O)O)[N+](=O)[O-]	L6J BSS- BL6J DVQ EKW& DVQ EKW
c1(c(c(c(cc1Cl)Cl)Cl)Cc1c(c(cc(c1Cl)Cl)Cl)O)O	L6J A1- BL6J AQ CG DG FG& BQ CG EG FG
C(=O)(c1ccc(cc1)Cl)O	L6J BVQ EG
c1c(ccc(c1)O)C(CC)(C)C	L6J AX1&1&2 DQ
C(C(CC)c1ccc(cc1)O)(CC)c1ccc(cc1)O	L6J BY2&Y- BL6J EQ&2 EQ
c1ccc(c(c1)O)C(CCC)C	L6J DQ EY1&3
Nc1c(cccc1C)C	L6J A1 BZ C1
c1ccc(c(c1Cl)O)Cl	L6J CG DQ EG
c1(c(c(c(c(c1Cl)Cl)Cl)Cl)Cl)O	L6J AG BQ CG DG EG FG
C(c1cc(cc(C(C)(C)C)c1O)COC)(C)(C)C	L6J BX1&1&1 CQ DX1&1&1 F1O1
Nc1c(cc(cc1C)C)C	L6J A1 BZ C1 E1
c1c(cc(c(c1Cl)O)Cl)Cl	L6J AG CG DQ EG
c1(c(cccc1)C(C)(C)C)O	L6J AX1&1&1 BQ
C(=O)(c1c(cccc1)Br)O	L6J AE BVQ
c1(c(cccc1)C(C)C)O	L6J AY1&1 BQ
Nc1c(cccc1)[N+](=O)[O-]	L6J AKW BZ
c1ccc(c(c1)O)[N+](=O)[O-]	L6J DQ EKW
c1(cc(cc(c1O)[N+](=O)[O-])[N+](=O)[O-])[N+](=O)[O-]	L6J BKW CQ DKW FKW
C(=O)(c1c(cccc1)NC(=O)C)O	L6J AMV1 BVQ
c1ccc(c(c1)O)C(CC)C	L6J DQ EY1&2
C(=O)(c1ccc(cc1O)O)O	L6J BVQ CQ EQ
C(=O)c1c(cccc1)Cl	L6J AG BV
c1ccc(c(c1)O)CC	L6J DQ E2
Nc1c(cccc1)OC	L6J AO1 BZ
N(c1ccccc1)c1cccc2ccccc12	L6J BM- EL66J
c1ccc(c(c1)O)c1ccccc1	L6J DQ E- BL6J
c1c(c(c(cc1C)Cc1c(c(cc(c1)C)C(C)(C)C)O)O)Cc1cc(cc(c1O)C(C)(C)C)C	L6J A1- BL6J CQ DX1&1&1 F1& C1 E1- BL6J AQ D1 FX1&1&1& FQ
C(N(C)C)c1c(O)c(CN(C)C)cc(c1)CN(C)C	L6J AQ B1N1&1 D1N1&1 F1N1&1
c1ccc(c(c1OC)O)OC	L6J CO1 DQ EO1
C(=O)(c1c(cccc1)NS(=O)(=O)c1cc(c(cc1)O)N)O	L6J AMSW- BL6J EQ FZ& BVQ
C(=O)(c1ccc(cc1OC)OC)O	L6J BVQ CO1 EO1
N(c1ccccc1)(CC)CC	L6J BN2&2
c1(cccc(c1)O)N(CC)CC	L6J BN2&2 DQ
N(c1ccccc1)(Cc1ccccc1)Cc1ccccc1	L6J BN1- BL6J&1- BL6J
Nc1ccc(cc1)c1sc2c(n1)ccc(c2)C	L56 BS DNJ C- EL6J BZ& H1
N(c1ccccc1)(CC)CCCl	L6J BN2G2
Nc1ccc(cc1)N(CC)CC	L6J BZ EN2&2
c1c(ccc(c1)O)Nc1ccc2c(c1)cccc2	L6J AM- DL66J& DQ
c1(ccc(cc1)C(CNC)O)O	L6J BQ EYQ1M1
C(=O)c1ccc(cc1)N(C)CCCl	L6J BV EN2G1
Nc1ccccc1OCC	L6J BZ CO2
c1ccc(c(c1)OCC)O	L6J DO2 EQ
Nc1cc(ccc1OCC)OCC	L6J BZ CO2 FO2
c1(ccccc1Cl)N	L6J BZ CG
c1ccc(c(c1)N)O	L6J DZ EQ
c1ccc(c(c1)Br)O	L6J DE EQ
c1ccc(c(c1)Cl)O	L6J DG EQ
Nc1cc(c(cc1)Cl)Cl	L6J BZ EG FG
c1(c(cc(cc1)O)Cl)Cl	L6J AG BG EQ
Nc1cc(ccc1Cl)Cl	L6J BZ CG FG
c1(c(cc(c(c1)Cl)O)Cl)Cl	L6J AG BG DG EQ
Nc1c(cc(cc1)[N+](=O)[O-])[N+](=O)[O-]	L6J AKW BZ EKW
c1(c(ccc(c1)S(=O)(=O)C)O)[N+](=O)[O-]	L6J AQ BKW DSW1
c1(c(ccc(c1)S(=O)(=O)C)O)N	L6J AQ BZ DSW1
C(C)(C)(C)c1ccc(cc1)O	L6J BX1&1&1 EQ
C(=O)(c1ccc(cc1)C(C)(C)C)O	L6J BVQ EX1&1&1
C(=O)(c1cccc(c1)N)O	L6J BVQ DZ
C(=O)(c1cc(ccc1)O)O	L6J BVQ FQ
Nc1cc(ccc1)[N+](=O)[O-]	L6J BZ FKW
C(=O)(c1cc(cc(c1)O)O)O	L6J BVQ DQ FQ
C(=O)(c1cc(cc(c1)[N+](=O)[O-])[N+](=O)[O-])O	L6J BVQ DKW FKW
C(=O)(c1ccc(c(c1)O)O)O	L6J BVQ DQ EQ
C(=O)c1cc(ccc1)[N+](=O)[O-]	L6J BV FKW
C(C)(CC)c1ccc(cc1)O	L6J BY2&1 EQ
N(c1ccc(cc1)N=O)(N=O)C	L6J BN1&NUO ENUO
Nc1ccc(cc1)C(C)C	L6J BZ EY1&1
C(=O)(c1ccc(cc1)O)O	L6J BVQ EQ
N(c1ccc(cc1)N)(C)C	L6J BN1&1 EZ
Nc1ccc(cc1)[N+](=O)[O-]	L6J BZ EKW
C(=O)c1ccccc1	L6J BV
N(c1ccccc1)C	L6J BM1
N(c1c(cccc1)Cl)c1nc(nc(n1)Cl)Cl	L6J AG BM- BL6N CN ENJ DG FG
C(c1cc(c(N)cc1)Cl)c1cc(c(N)cc1)Cl	L6J B1- BL6J EZ FG& EZ FG
N(c1cc(ccc1)C(F)(F)F)c1ccccc1	L6J BM- BL6J& FXFFF
N(c1ccccc1)c1ccc(cc1)N	L6J BM- BL6J EZ
Nc1ccc(cc1)Sc1ccc(cc1)[N+](=O)[O-]	L6J BZ ES- BL6J EKW
N(c1ccc(cc1)N=Nc1ccccc1)c1ccccc1	L6J BM- BL6J& ENUN- BL6J
Nc1ccc(cc1)Oc1ccc(cc1)Cl	L6J BZ EO- BL6J EG
O(c1ccc(N)cc1)c1ccc(N)cc1	L6J BO- BL6J EZ& EZ
Nc1c(ccc(c1)OC)OC	L6J AO1 BZ DO1
N(c1ccccc1)Cc1ccccc1	L6J BM1- BL6J
N(c1ccccc1)CC	L6J BM2
C(c1ccc(N)cc1)CCC	L6J B4 EZ
C(c1ccc(N)cc1)CCCCCCCCCCC	L6J B12 EZ
C(=O)c1ccc(cc1)Cl	L6J BV EG
O(c1ccc(N)cc1)C	L6J BO1 EZ
c1c(ccc(c1)N)SC	L6J AS1 DZ
c1c(ccc(c1)N)Br	L6J AE DZ
c1c(ccc(c1)N)Cl	L6J AG DZ
c1(cccc(c1)N)Cl	L6J BG DZ
C(=O)(c1ccccc1Cl)O	L6J BVQ CG
C(=O)(c1c(C=O)cccc1)O	L6J AV BVQ
Nc1c(ccc(c1)Cl)Oc1ccc(cc1)Cl	L6J AO- BL6J EG& BZ DG
c1cccc(c1)N(C)C	L6J DN1&1
C(=O)(c1cc(ccc1)[N+](=O)[O-])O	L6J BVQ FKW
c1ccc(c(c1)C(=O)O)OCC	L6J DVQ EO2
N(c1cc2c(cc1)cccc2)c1ccccc1	L66J CM- BL6J
c1c(ccc(c1)N(CC)CC)Cc1ccc(cc1)N(CC)CC	L6J A1- BL6J EN2&2& DN2&2
Nc1c(cc(c(c1)C)C)C	L6J A1 BZ D1 E1
C(=O)(c1c(ccc(c1)S(=O)(=O)N)N)O	L6J AZ BVQ DSWZ
Nc1ccc(cc1)Oc1ccccc1	L6J BZ EO- BL6J
S(c1ccc(N)cc1)c1ccc(N)cc1	L6J BS- BL6J EZ& EZ
Nc1c(cc(cc1Br)Br)Br	L6J AE BZ CE EE
C(=O)(c1ccccc1S)O	L6J BVQ CSH
C(=O)(c1ccc(cc1)N)O	L6J BVQ EZ
c1(ccccc1)NCCNc1ccccc1	L6J BM2M- BL6J
O(c1ccc(N)cc1)CC	L6J BO2 EZ
C(=O)(c1c(cccc1O)O)O	L6J AQ BVQ CQ
C(=O)(c1c(cccc1)[I]=O)O	L6J A-I-UO BVQ
C(=O)(c1c(cc(cc1)C(F)(F)F)Br)O	L6J AE BVQ EXFFF
C(=O)(c1ccc(cc1)OC(F)(F)F)O	L6J BVQ EOXFFF
Nc1c(cccc1)SC(F)(F)F	L6J ASXFFF BZ
Nc1c(cccc1)F	L6J AF BZ
Nc1c(ccc(c1)C(F)(F)F)Oc1ccc(cc1)Cl	L6J AO- BL6J EG& BZ DXFFF
Nc1c(cc(cc1F)F)F	L6J AF BZ CF EF
Oc1c(cccc1)F	L6J AF BQ
Nc1c(cc(cc1)F)F	L6J AF BZ EF
Oc1c(cc(cc1)F)F	L6J AF BQ EF
Nc1c(ccc(c1)F)F	L6J AF BZ DF
Nc1c(cc(c(c1)F)F)F	L6J AF BZ DF EF
Nc1cc(ccc1)SC(F)(F)F	L6J BZ FSXFFF
Nc1ccc(cc1)F	L6J BZ EF
Oc1ccc(cc1)F	L6J BQ EF
Sc1ccc(cc1)F	L6J BSH EF
Nc1ccc(cc1)SC(F)(F)F	L6J BZ ESXFFF
Nc1cccc(c1)F	L6J BZ DF
Oc1cccc(c1)F	L6J BQ DF
Nc1cc(cc(c1)F)F	L6J BZ DF FF
C(=O)(c1c(cccc1F)F)O	L6J AF BVQ CF
Nc1cc(c(cc1)[N+](=O)[O-])C(F)(F)F	L6J BZ EKW FXFFF
c1(c(cc(cc1)C(F)(F)F)[N+](=O)[O-])O	L6J AKW BQ EXFFF
Nc1c(cccc1C(F)(F)F)Cl	L6J AG BZ CXFFF
Nc1cc(c(cc1)C(F)(F)F)Cl	L6J BZ EXFFF FG
Nc1c(ccc(c1)Cl)C(F)(F)F	L6J AXFFF BZ DG
C(=O)(c1ccccc1F)O	L6J BVQ CF
C(=O)(c1c(cc(cc1)Cl)F)O	L6J AF BVQ EG
C(=O)c1ccccc1F	L6J BV CF
C(=O)c1ccccc1C(F)(F)F	L6J BV CXFFF
C(=O)(c1cc(ccc1)S(=O)(=O)F)O	L6J BVQ FSWF
C(=O)c1ccc(cc1)C(F)(F)F	L6J BV EXFFF
C(=O)(c1ccc(cc1)S(=O)(=O)F)O	L6J BVQ ESWF
C(=O)(c1cccc(c1)F)O	L6J BVQ DF
C(=O)(c1ccc(c(c1)F)F)O	L6J BVQ DF EF
C(=O)c1cc(ccc1)F	L6J BV FF
C(=O)c1ccc(cc1)F	L6J BV EF
Nc1ccc(cc1)OC(F)(F)F	L6J BZ EOXFFF
N=C(c1ccc(cc1)N(C)C)c1ccc(cc1)N(C)C	L6J BY- BL6J EN1&1&UM EN1&1
C(=O)(c1cc(cc(c1)C)C)O	L6J BVQ D1 F1
C(=O)(c1c(cccc1)C1c2ccc(cc2Oc2cc(ccc12)O)O)O	L6J A- BL C666 IO AU- J HU- C &T&J FQ LQ& BVQ
Clc1c(c(c(c(c1N)Cl)Cl)Cl)Cl	L6J AG BG CZ DG EG FG
C(=O)(c1cc(c(cc1)[N+](=O)[O-])[N+](=O)[O-])O	L6J BVQ EKW FKW
C(=O)c1ccccc1N	L6J BV CZ
C(=O)(c1cccc(c1)Cl)O	L6J BVQ DG
C(=O)(c1cc(cc(c1)N)N)O	L6J BVQ DZ FZ
N(=Nc1ccc(N)cc1)c1ccc(N)cc1	L6J BNUN- BL6J EZ& EZ
N(=Cc1ccccc1)c1ccccc1	L6J B1UN- BL6J
N(=Nc1ccc(N)cc1)c1ccc(N(C)C)cc1	L6J BNUN- BL6J EN1&1& EZ
Ic1ccc(N)cc1	L6J BI EZ
C(=O)(c1ccccc1[N+](=O)[O-])O	L6J BVQ CKW
C(=O)c1c(cccc1)[N+](=O)[O-]	L6J AKW BV
Nc1c(cc(cc1)Cl)Cl	L6J AG BZ EG
C(=O)c1ccc(cc1)[N+](=O)[O-]	L6J BV EKW
C(=O)c1ccc(cc1)N	L6J BV EZ
C(=C1C=CC(=N)C=C1)(c1ccc(cc1)N)c1ccc(cc1)N.Cl	L6 CU FUTJ BUY- BL6J EZ&- BL6J EZ& EUM &GH
C(=O)(c1c(cccc1)C(=O)C)O	L6J AV1 BVQ
Nc1c(cccc1)CC	L6J A2 BZ
Nc1c(cccc1CC)CC	L6J A2 BZ C2
C(=O)(c1cc(ccc1)Br)O	L6J BVQ FE
N(c1ccc(cc1)Br)(C)C	L6J BN1&1 EE
Nc1cccc(c1)CC	L6J BZ D2
C(=O)c1cc(ccc1)Cl	L6J BV FG
C(=O)(c1cc(ccc1)NC(=O)C)O	L6J BVQ FMV1
C(=NNc1ccccc1)c1ccccc1	L6J BMNU1- BL6J
C(=NN=Cc1ccccc1)c1ccccc1	L6J B1UNNU1- BL6J
N(c1ccccc1)CC=C	L6J BM2U1
Nc1ccc(cc1)CC	L6J BZ E2
Nc1cccc(c1)Br	L6J BZ DE
N(c1ccc(cc1)C(=C1C=C/C(=NC)/C=C1)c1ccc(cc1)N(C)C)(C)C.Cl	L6J BN1&1 EY- BL6J EN1&1&U- BL6 CU FUTJ EUN1 &GH
C(=O)(c1cccc(c1C)C)O	L6J BVQ C1 D1
Nc1c(cccc1[N+](=O)[O-])[N+](=O)[O-]	L6J AKW BZ CKW
c1(cccc(c1Cl)N)Cl	L6J BG CG DZ
c1ccc(c(c1Cl)N)Cl	L6J CG DZ EG
C(=O)(c1c(cccc1)N(C)C)O	L6J AN1&1 BVQ
O=C(O)c1c([N+](=O)[O-])cc([N+](=O)[O-])cc1	L6J AKW BVQ EKW
C(=O)(c1cc(ccc1Br)Br)O	L6J BVQ CE FE
C(=O)(c1cc(ccc1C)C)O	L6J BVQ C1 F1
C(=O)(c1ccc(cc1Br)Br)O	L6J BVQ CE EE
C(=O)(c1ccc(cc1C)C)O	L6J BVQ C1 E1
C(=O)(c1ccc(cc1)C(=O)c1ccccc1)O	L6J BVQ EV- BL6J
C(=O)(c1ccccc1CO)O	L6J BVQ C1Q
N(c1c(cccc1)[N+](=O)[O-])c1ccc(cc1)[N+](=O)[O-]	L6J AKW BM- BL6J EKW
c1cccc(c1)N(CCCC)CCCC	L6J DN4&4
C(=O)c1c(cccc1)OCC	L6J AO2 BV
c1ccc(c(c1)N)Br	L6J DZ EE
c1ccc(c(c1)N)I	L6J DZ EI
c1c(cc(c(c1)N)Br)Br	L6J AE DZ EE
C(=O)(c1cc(c(cc1)O)[N+](=O)[O-])O	L6J BVQ EQ FKW
Nc1cc(cc(c1)[N+](=O)[O-])[N+](=O)[O-]	L6J BZ DKW FKW
C(=O)(c1cc(c(cc1)C)C)O	L6J BVQ E1 F1
C(=O)(c1cc(c(cc1)N)N)O	L6J BVQ EZ FZ
C(=O)(c1ccc(cc1)I)O	L6J BVQ EI
C(=O)(c1ccc(cc1)CC)O	L6J BVQ E2
C(=O)(c1ccc(cc1)C#N)O	L6J BVQ E1UUN
C(=O)(c1ccc(cc1)C=O)O	L6J BVQ EV
C(=O)(c1ccc(cc1)NN)O	L6J BVQ EMZ
C(=O)(c1ccc(cc1)OCC)O	L6J BVQ EO2
C(=O)(c1cccc(c1)OCC)O	L6J BVQ DO2
N(=C(Cl)Cl)c1ccccc1	L6J BNUYGG
c1cccc(c1)NCCC	L6J DM3
c1(cccc(c1)N)I	L6J BI DZ
Nc1cc(cc(c1)Cl)Cl	L6J BZ DG FG
C1(=C(c2ccc(cc2)N)/c2ccc(c(c2)C)N)/C=CC(=N)C=C1.Cl	L6J BY- BL6J D1 EZ&U- BL6 CU FUTJ EUM& EZ &GH
Nc1c(c(c(cc1)Cl)Cl)Cl	L6J AG BZ EG FG
Nc1cc(c(c(c1)Cl)Cl)Cl	L6J BZ DG EG FG
Nc1c(cc(cc1Cl)Cl)Cl	L6J AG BZ CG EG
Nc1cc(c(cc1Cl)Cl)Cl	L6J BZ CG EG FG
c1ccc(c(c1)C(C)C)N	L6J DY1&1 EZ
C(=O)c1ccc(cc1)OC(F)(F)F	L6J BV EOXFFF
Nc1ccc(cc1)N=O	L6J BZ ENUO
Nc1ccccc1.FB(F)F	L6J BZ &FBFF
S(Sc1ccc(N)cc1)c1ccc(N)cc1	L6J BSS- BL6J EZ& EZ
C(=O)(c1c(cccc1)COc1ccccc1)O	L6J A1O- BL6J& BVQ
C(=O)(c1cc(cc(c1)C(F)(F)F)C(F)(F)F)O	L6J BVQ DXFFF FXFFF
Nc1ccc(cc1)N=Nc1ccc(cc1)[N+](=O)[O-]	L6J BZ ENUN- BL6J EKW
c1ccc(cc1)NC(C)C	L6J EMY1&1
Nc1ccc(cc1)C(C)(C)C	L6J BZ EX1&1&1
c1(F)c(F)c(O)c(c(c1F)F)F	L6J AF BF CF DF EF FQ
c1c(ccc(c1)O)OC(F)(F)F	L6J AOXFFF DQ
Nc1cc(ccc1)OC(C(F)F)(F)F	L6J BZ FOXFFYFF
N(=Cc1ccc(cc1)OC)c1ccccc1	L6J B1UN- BL6J& EO1
ON=Cc1ccccc1	L6J B1UNQ
c1(cc(ccc1)Cl)C(=O)OO	L6J BVOQ FG
C(=O)(c1c(cccc1)c1ccccc1)O	L6J A- BL6J& BVQ
C(=O)c1ccc(cc1)O[Si](C)(C)C	L6J BV EO-SI-1&1&1
C(=O)(c1cc(ccc1)OC(F)(F)F)O	L6J BVQ FOXFFF
C(=O)(c1ccc(cc1)C=C)O	L6J BVQ E1U1
C(=O)c1c(cccc1)O[Si](C)(C)C	L6J AO-SI-1&1&1 BV
[2H]c1c(c(c(C(=O)O)c(c1[2H])[2H])[2H])[2H]	L6J AH BH CH DH EVQ FH
N(=S=O)c1ccccc1	L6J BNUSUO
C(=O)c1ccc(cc1)Br	L6J BV EE
N(c1ccccc1)CCCC	L6J BM4
ON=Cc1ccc(cc1)[N+](=O)[O-]	L6J B1UNQ EKW
C(=O)(c1cc(cc(c1)OC)OC)O	L6J BVQ DO1 FO1
[N+](=Cc1ccccc1)(c1ccccc1)[O-]	L6J B1UKO&- BL6J &0/9
S(Sc1c(N)cccc1)c1c(N)cccc1	L6J AZ BSS- BL6J AZ
C(=O)(c1ccc(cc1)OCCCCCC)O	L6J BVQ EO6
C(=O)(c1c(cccc1)C(=O)c1c(cccc1)N)O	L6J AV- BL6J AZ& BVQ
C(=O)c1ccc(cc1)CCCC	L6J BV E4
C(=O)c1ccc(cc1)Sc1ccccc1	L6J BV ES- BL6J
N(c1ccccc1)c1ncnc2[nH]cnc12	T65 BN DN GN IMJ EM- BL6J
C(=O)(c1c(cccc1OC)OC)O	L6J AO1 BVQ CO1
C(=O)(c1c(cccc1OC)OC)O	L6J AO1 BVQ CO1
C(C(F)(F)F)(C(F)(F)F)(c1ccc(cc1)O)c1ccc(cc1)O	L6J BX- BL6J EQ&XFFFXFFF EQ
Nc1cc(ccc1)OCc1ccccc1	L6J BZ FO1- BL6J
C(=O)(c1ccc(cc1)OCc1ccccc1)O	L6J BVQ EO1- BL6J
c1cccc(c1)NC=CC=CC=Nc1ccccc1.Cl	L6J DM1U2U2UN- BL6J &GH
C(=O)(c1ccc(cc1)OCCCC)O	L6J BVQ EO4
Nc1ccc(cc1)C=C	L6J BZ E1U1
C(=O)(c1cccc(c1OC)OC)O	L6J BVQ CO1 DO1
Nc1cc(ccc1)OC(F)(F)F	L6J BZ FOXFFF
Nc1c(cccc1)OC(F)(F)F	L6J AOXFFF BZ
C(=O)(c1ccc(cc1)N=Nc1ccccc1)O	L6J BVQ ENUN- BL6J
C(=O)(c1ccc(cc1F)F)O	L6J BVQ CF EF
C(=O)(c1c(cccc1)CCc1cccs1)O	L5 CSJ B2- AL6J BVQ
C(=O)(c1c(cccc1)N=Nc1ccc(cc1)O)O	L6J ANUN- BL6J EQ& BVQ
Nc1cc(c(c(c1)C)C)C	L6J BZ D1 E1 F1
C(=O)(c1ccc(cc1)CCl)O	L6J BVQ E1G
o1c(nnc1c1ccc(N(CC)CC)cc1)c1ccc(N(CC)CC)cc1	L5 BO DNNJ A- BL6J EN2&2& C- BL6J EN2&2
Nc1cc(ccc1)SC	L6J BZ FS1
N(c1ccc(cc1)[N+](=O)[O-])c1ccc(cc1)[N+](=O)[O-]	L6J BM- BL6J EKW& EKW
c1ccccc1NC1CCCCC1	L6J CM- BL6TJ
c1(ccccc1N)CCC	L6J B3 CZ
C(=O)(c1cc(ccc1)C#N)O	L6J BVQ F1UUN
C(=O)(c1cc(cc(c1)C(=O)NC)N)O	L6J BVQ DVM1 FZ
C(=O)(c1cc(cc(c1)[N+](=O)[O-])C(=O)NC)O	L6J BVQ DKW FVM1
c1cc(ccc1Br)N(CC)CC	L6J CE FN2&2
N(c1ccccc1)(CC1CO1)CC1CO1	L3 COTJ B1N1- BL3 COTJ&- BL6J
N(c1ccc(cc1)N=C=S)(C)C	L6J BN1&1 ENU1US
C(=NN=Cc1ccc(cc1)N(C)C)c1ccc(cc1)N(C)C	L6J B1UNNU1- BL6J EN1&1& EN1&1
C(=C1C=C/C(=N/c2ccccc2)/C=C1)(c1ccc(Nc2ccccc2)cc1)c1ccc(Nc2ccccc2)cc1.Cl	L6J BNU- EL6 CU FUTJ BUY- BL6J EM- BL6J&&- BL6J EM- BL6J &GH
C(=O)(c1ccc(cc1)Oc1ccccc1)O	L6J BVQ EO- BL6J
C(=O)(c1ccc(cc1)Oc1ccc(cc1)C(=O)O)O	L6J BVQ EO- BL6J EVQ
c1ccccc1N(CCC)CCC	L6J CN3&3
C(=O)(c1c(c(c(c(c1C)C)C)C)C)O	L6J A1 BVQ C1 D1 E1 F1
C(=O)(c1c(cccc1)Oc1ccccc1)O	L6J AO- BL6J& BVQ
C(=O)(c1c(c(c(c(c1I)C(=O)NC)I)N)I)O	L6J AI BVQ CI DVM1 EI FZ
C(=O)(c1ccc(cc1)OCCCCCCCCCCCC)O	L6J BVQ EO12
N(=P(c1ccccc1)(c1ccccc1)c1ccccc1)c1ccccc1	L6J BP- BL6J&- BL6J&UN- BL6J
C(=O)(c1ccc(cc1)OC(=O)C)O	L6J BVQ EOV1
o1c(nnc1c1ccc(N)cc1)c1ccc(N)cc1	L5 BO DNNJ A- BL6J EZ& C- BL6J EZ
C(=O)(c1c(cc(cc1)N)Cl)O	L6J AG BVQ EZ
C(=N)(c1ccc(N(C)C)cc1)c1ccc(N(C)C)cc1.Cl	L6J BY- BL6J EN1&1&UM EN1&1 &GH
N(c1ccc(cc1)N=Nc1ccccc1)(CC)CC	L6J BN2&2 ENUN- BL6J
C(=O)(c1cc(c(cc1)Cl)S(=O)(=O)Cl)O	L6J BVQ EG FSWG
Nc1ccc(cc1)N1CCOCC1	L6J BZ E- BL6 BN EOTJ
N(c1ccc(cc1)N=Nc1ccc(cc1)[N+](=O)[O-])c1ccccc1	L6J BM- BL6J& ENUN- BL6J EKW
c1(c(c(c(c(c1[N+](=O)[O-])Cl)[N+](=O)[O-])Cl)[N+](=O)[O-])Cl	L6J AKW BG CKW DG EKW FG
C(=O)(c1c(cccc1)N=Nc1ccc(cc1)N(CCC)CCC)O	L6J ANUN- BL6J EN3&3& BVQ
C(=O)c1ccc(cc1)N(CC)CCCl	L6J BV EN2G2
Nc1cc(ccc1)Oc1ccc(cc1)N	L6J BZ FO- BL6J EZ
Nc1ccccc1Oc1ccccc1	L6J BZ CO- BL6J
Nc1ccc(cc1)CCC	L6J BZ E3
Nc1ccccc1CCCC	L6J BZ C4
Nc1ccc(cc1OC)OC	L6J BZ CO1 EO1
C(=O)(c1cc(ccc1OC)OC)O	L6J BVQ CO1 FO1
N(c1ccc(cc1)C(C)(C)C)(C)C	L6J BN1&1 EX1&1&1
Nc1ccccc1SC	L6J BZ CS1
C(=O)(c1c(ccc(c1)F)F)O	L6J AF BVQ DF
N(c1ccccc1)CCCCCCCCCCCC	L6J BM12
N(c1ccc(cc1)N=Nc1ccc(cc1)C)(C)C	L6J BN1&1 ENUN- BL6J E1
N(c1ccc(cc1)N=Nc1ccc(cc1)OCC)(CC)CC	L6J BN2&2 ENUN- BL6J EO2
N(c1ccc(cc1)N=Nc1ccc(cc1)[N+](=O)[O-])(CC)CC	L6J BN2&2 ENUN- BL6J EKW
N(c1ccccc1)CCC[Si](OC)(OC)OC	L6J BM3-SI-O1&O1&O1
C(=O)(c1c(cc(c(c1)S(=O)(=O)N)Cl)N)O	L6J AZ BVQ DSWZ EG
C(=O)(c1ccccc1)O.NC1CCCCC1	L6J BVQ &L6TJ BZ
C(=O)c1cc(ccc1)Br	L6J BV FE
Nc1ccccc1C1CC1	L3TJ B- CL6J BZ
C(=O)c1ccc(cc1)c1ccccc1	L6J BV E- BL6J
C(=O)c1ccc(cc1)SC	L6J BV ES1
C(=O)(c1ccc(cc1)CCCCCCCC)O	L6J BVQ E8
Nc1cc(ccc1)Oc1ccccc1	L6J BZ FO- BL6J
Nc1c(ccc(c1)Br)Br	L6J AE BZ DE
C(=NO)c1c(cccc1)Cl	L6J AG B1UNQ
N(c1ccc(cc1)N=Nc1c(cccc1)C)(C)C	L6J BN1&1 ENUN- BL6J A1
C(=O)(c1cc(ccc1)Oc1ccccc1)O	L6J BVQ FO- BL6J
C(=O)(c1c(cc(c(c1)S(=O)(=O)Cl)Cl)Cl)O	L6J AG BVQ DSWG EG
C(COc1ccc(C(=O)O)cc1)Oc1ccc(C(=O)O)cc1	L6J BO2O- BL6J EVQ& EVQ
Nc1c(cccc1)Oc1c(cccc1)C	L6J AO- BL6J A1& BZ
Nc1cc(c(cc1)F)F	L6J BZ EF FF
c1cc(cc(c1)C(=O)O)S(=O)(=O)Cl	L6J DVQ FSWG
C(=O)(c1ccc(cc1)S(=O)(=O)C)O	L6J BVQ ESW1
Nc1c(c(c(c(c1[2H])[2H])[2H])[2H])[2H]	L6J AH BZ CH DH EH FH
C(=O)(c1ccccc1)O.C(CN)O	L6J BVQ &Z2Q
Nc1ccc(cc1)OCCCC	L6J BZ EO4
Nc1ccc(cc1)OCCC	L6J BZ EO3
Nc1c(c(ccc1)F)F	L6J AF BZ FF
C(=O)c1ccc(cc1)CC	L6J BV E2
C(=O)(c1c(cccc1)C(=O)c1c(cc(cc1)OC)O)O	L6J AV- BL6J AQ EO1& BVQ
C(=O)(c1c(cccc1)CCc1ccccc1)O	L6J A2- BL6J& BVQ
C(=O)(c1c(cccc1)C(=O)c1cccc2ccccc12)O	L6J AV- EL66J& BVQ
N(c1ccc(cc1)OCC1CO1)(CC1CO1)CC1CO1	L3 COTJ B1O- EL6J BN1- BL3 COTJ&1- BL3 COTJ
C(=O)(c1c(cccc1)C(=O)c1cc(c(cc1)Cl)S(=O)(=O)N)O	L6J AV- BL6J EG FSWZ& BVQ
C(c1ccc(NC(CC)C)cc1)c1ccc(NC(CC)C)cc1	L6J B1- BL6J EMY1&2& EMY1&2
C(=O)(c1c(cccc1)NN)O	L6J AMZ BVQ
Nc1cc(ccc1)C(C)(C)C	L6J BZ FX1&1&1
C(=O)(c1cc(c(cc1)OCC)OCC)O	L6J BVQ EO2 FO2
C(=O)(c1ccc(cc1)N(CC)CC)O	L6J BVQ EN2&2
C(=O)c1cc(c(cc1)OCc1ccccc1)OCc1ccccc1	L6J BV EO1- BL6J& FO1- BL6J
Nc1ccc(cc1)S(=O)(=O)C	L6J BZ ESW1
Nc1c(cccc1F)F	L6J AF BZ CF
C(=O)(c1cc(ccc1)C(C)C#N)O	L6J BVQ FY1UUN&1
C(=O)c1ccc(cc1)OCCCC	L6J BV EO4
Nc1c(cccc1)c1nc2c([nH]1)cccc2	L56 BN DMJ C- AL6J BZ
C(=O)(c1c(cccc1)C(=O)c1c(cc(cc1)N(CC)CC)O)O	L6J AV- BL6J AQ EN2&2& BVQ
O1C(OCC1)(CCCCl)C	L5 BO EOTJ A3G A1
Nc1c(cccc1)n1cccc1	L5 BNJ B- AL6J BZ
N(c1ccc(cc1)N)(CC)CC.S(=O)(=O)(O)O	L6J BN2&2 EZ &OUSQQUO
Nc1ccc(cc1)Oc1ccc(cc1)[N+](=O)[O-]	L6J BZ EO- BL6J EKW
N(c1ccc(cc1)N)(C)C.S(=O)(=O)(O)O	L6J BN1&1 EZ &OUSQQUO
C(=NN)c1ccc(cc1)[N+](=O)[O-]	L6J B1UNZ EKW
Nc1ccccc1C(C)(C)C	L6J BZ CX1&1&1
Nc1cc(c(cc1)OC)OC	L6J BZ EO1 FO1
Nc1c(cccc1)SCc1ccccc1	L6J AS1- BL6J& BZ
C(=N)(c1ccc(N(CC)CC)cc1)c1ccc(N(CC)CC)cc1.Cl	L6J BY- BL6J EN2&2&UM EN2&2 &GH
Nc1ccc(cc1)OCc1ccccc1	L6J BZ EO1- BL6J
Nc1ccc(cc1)C1CCCCC1	L6J BZ E- BL6TJ
N(c1ccc(cc1)N=Nc1c(cc(cc1)[N+](=O)[O-])OC)(CC)CC	L6J BN2&2 ENUN- BL6J AO1 EKW
N(c1ccc(cc1)N=Nc1c(cc(cc1)[N+](=O)[O-])[N+](=O)[O-])(CC)CC	L6J BN2&2 ENUN- BL6J AKW EKW
C(=O)(c1ccc(cc1)N=[N+]=[N-])O	L6J BVQ ENUKUM &0/14
C(=O)(c1c(cccc1)NCc1ccccc1)O	L6J AM1- BL6J& BVQ
C(=O)(c1c(cccc1)CC#N)O	L6J A2UUN BVQ
C(=O)c1ccccc1Br	L6J BV CE
N(c1ccccc1)c1ccccn1	L6J BM- BL6 CNJ
C(=NO)c1c(cccc1)[N+](=O)[O-]	L6J AKW B1UNQ
N(c1cc(ccc1)Cl)(C)C	L6J BN1&1 FG
C(=O)(c1cc(c(c(c1)OCC)OCC)OCC)O	L6J BVQ DO2 EO2 FO2
[Se](=O)(c1ccccc1)O	L6J B-SE-QUO
C(=O)(c1ccc(cc1)NC(=S)N)O	L6J BVQ EMYZUS
C(=O)(c1ccc(cc1)[N+](=O)[O-])O.N(CCO)(CCO)CCO	L6J BVQ EKW &Q2N2Q2Q
C(=C)(c1ccc(N(C)C)cc1)c1ccc(N(C)C)cc1	L6J BY- BL6J EN1&1&U1 EN1&1
N(c1ccc(cc1)N=Nc1ccc(cc1)N=C=S)(C)C	L6J BN1&1 ENUN- BL6J ENU1US
c1(ccc(cc1)OC(C)C)N	L6J BZ EOY1&1
C(=O)(c1cc(cc(c1)NC(=O)C)NC(=O)C)O	L6J BVQ DMV1 FMV1
c1(ccc(cc1)OCC)C=O	L6J BV EO2
C(=O)(c1ccc(cc1)S(=O)(=O)Cl)O	L6J BVQ ESWG
c1(cc(cc(c1)OC)OC)N	L6J BZ DO1 FO1
c1(cc(ccc1)Oc1cc(N)ccc1)Oc1cc(N)ccc1	L6J BO- BL6J FZ& FO- BL6J FZ
C(=O)(c1ccc(cc1)NC)O	L6J BVQ EM1
c1(ccccc1)NC.[Cr]([CH-]#[O+])([CH-]#[O+])[CH-]#[O+]	L6J BM1 &-O-UU1-CR-1UU-O-&1UU-O- &0/15 &11/0 &0/27 &31/0 &0/20 &24/0
C(C)(C)(c1ccc(Oc2ccc(N)cc2)cc1)c1ccc(Oc2ccc(N)cc2)cc1	L6J BO- EL6J BX- BL6J EO- BL6J EZ&&1&1& EZ
S(=O)(=O)(c1ccc(Oc2ccc(N)cc2)cc1)c1ccc(Oc2ccc(N)cc2)cc1	L6J BO- EL6J BSW- BL6J EO- BL6J EZ&&& EZ
C(=O)(c1ccccc1)O.C(CN(CCO)CCO)O	L6J BVQ &Q2N2Q2Q
N(c1ccc(cc1)N=Nc1ccccn1)(C)C	L6J BN1&1 ENUN- BL6 CNJ
C(=O)(c1ccc(cc1)OC(C)C)O	L6J BVQ EOY1&1
C(=O)(c1ccc(cc1)S)O	L6J BVQ ESH
C(=O)(c1ccc(cc1)SCC)O	L6J BVQ ES2
N(c1ccccc1)(CC)CC.B	L6J BN2&2 &B
C(=NO)c1ccc(cc1)C(C)C	L6J B1UNQ EY1&1
Nc1ccc(cc1)CCN	L6J BZ E2Z
C(c1cc(c(N)c(c1)CC)CC)c1cc(c(N)c(c1)CC)CC	L6J B1- BL6J D2 EZ F2& D2 EZ F2
[N+](=CC=CC=CN(c1ccccc1)C)(c1ccccc1)C.[Cl-]	L6J BN1&1U2U2UK1&- BL6J &G
Nc1cc2c(cc1)OCO2	L65 GO IO &TJ CZ
N(c1c(cc(cc1)[N+](=O)[O-])[N+](=O)[O-])c1c(cccc1)[N+](=O)[O-]	L6J AKW BM- BL6J AKW& EKW
c1(c(c(c(c(c1[2H])N([2H])[2H])[2H])[2H])[2H])[2H]	L6J AH BH CH DNHH EH FH
Nc1ccc(cc1)N=[N+]=[N-]	L6J BZ ENUKUM &0/13
C(=O)(c1cc(ccc1)N)O.Cl	L6J BVQ FZ &GH
C(=O)c1ccc(cc1)OCCN(C)C	L6J BV EO2N1&1
C(=O)(c1ccc(cc1)OCCCCCCC)O	L6J BVQ EO7
C(=O)(c1cc(cc(c1)C(C)(C)C)C(C)(C)C)O	L6J BVQ DX1&1&1 FX1&1&1
Nc1ccc(cc1)CCCCCCCC	L6J BZ E8
N(c1ccc(cc1)N)(CC)CC.Cl	L6J BN2&2 EZ &GH
N(c1c(cccc1)[N+](=O)[O-])c1c(cccc1)[N+](=O)[O-]	L6J AKW BM- BL6J AKW
C(=O)(c1ccc(cc1)C=CC(=O)O)O	L6J BVQ E1U1VQ
C(c1cc(c(N)cc1)CC)c1cc(c(N)cc1)CC	L6J B1- BL6J EZ F2& EZ F2
C(=O)(c1ccc(cc1)C1CCCCC1)O	L6J BVQ E- BL6TJ
C(=O)(c1c(cccc1)N=NN(C)C)O	L6J ANUNN1&1 BVQ
C(=O)(c1ccc(cc1)CCCC)O	L6J BVQ E4
C(=O)(c1ccc(cc1)CCCl)O	L6J BVQ E2G
Nc1c(cccc1)Oc1ccc(cc1)C	L6J AO- BL6J E1& BZ
c1(c(ccc(c1)S(=O)(=O)F)Cl)C(=O)O	L6J AG BVQ DSWF
C(=O)(c1ccc(cc1)CCCCCC)O	L6J BVQ E6
C(c1ccc(N)cc1)c1ccc(N)cc1.C(c1ccc(N)cc1)c1ccc(N)cc1.C(c1ccc(N)cc1)c1ccc(N)cc1.[Na+].[Cl-]	L6J B1- BL6J EZ& EZ &L6J B1- BL6J EZ& EZ &L6J B1- BL6J EZ& EZ &-NA- &G &65/0
C(=O)(c1cc(ccc1Cl)Br)O	L6J BVQ CG FE
C(=O)(c1c(cccc1)C(=O)N[C@H](C)c1ccccc1)O	L6J AVMY- BL6J&1 BVQ
C(=O)(c1c(cccc1)C(=O)N[C@@H](C)c1ccccc1)O	L6J AVMY- BL6J&1 BVQ
N(c1cc(ccc1)C)(CC)CCCl	L6J BN2G2 F1
C(=O)(c1cc(cc(c1)[N+](=O)[O-])C(=O)NCCO)O	L6J BVQ DKW FVM2Q
c1(cccc(c1)OCC)C=O	L6J BV DO2
Nc1ccc(cc1)C(c1ccccc1)(c1ccccc1)c1ccccc1	L6J BZ EX- BL6J&- BL6J&- BL6J
N(c1c(cccc1)[N+](=O)[O-])c1ccc(cc1)Cl	L6J AKW BM- BL6J EG
Nc1c(cc(cc1)S(=O)(=O)CC)[N+](=O)[O-]	L6J AKW BZ ESW2
C(=O)(c1ccc(cc1)NN)O.Cl	L6J BVQ EMZ &GH
C(=O)(c1c(cccc1C(F)(F)F)C(F)(F)F)O	L6J AXFFF BVQ CXFFF
Nc1ccc(cc1)Sc1sc2c(n1)cccc2	L56 BS DNJ CS- EL6J BZ
C(=O)(c1ccccc1)O.N1CCOCC1	L6J BVQ &L6 BM EOTJ
N(=Cc1ccc(cc1)OC)c1ccc(cc1)CCCC	L6J B1UN- BL6J E4& EO1
Nc1c(cccc1)Oc1ccc(cc1Cl)Cl	L6J AO- BL6J CG EG& BZ
C(=O)(c1ccc(cc1)CCCCC)O	L6J BVQ E5
C(=O)(c1c(cccc1)C(=O)OCCOC(=O)C(=C)C)O	L6J AVO2OVY1&U1 BVQ
Nc1c(cccc1)Cc1ccccc1	L6J A1- BL6J& BZ
N(=CC=CNc1ccccc1)c1ccccc1.Cl	L6J BM1U2UN- BL6J &GH
c1(c(cccc1F)F)O	L6J AF BQ CF
C(=O)(c1cc(c(c(c1)S(=O)(=O)N)Oc1ccccc1)N)O	L6J BVQ DSWZ EO- BL6J& FZ
C(=O)c1c(cccc1)OCC=C	L6J AO2U1 BV
C(c1ccc(N(CC2CO2)CC2CO2)cc1)c1ccc(N(CC2CO2)CC2CO2)cc1	L3 COTJ B1N1- BL3 COTJ&- EL6J B1- BL6J EN1- BL3 COTJ&1- BL3 COTJ
c1(ccc(cc1)CCC)C=O	L6J BV E3
C(=O)(c1cc(cc(c1)OCc1ccccc1)OCc1ccccc1)O	L6J BVQ DO1- BL6J& FO1- BL6J
Nc1c(cccc1)OC(C)C	L6J AOY1&1 BZ
S(Sc1c(N)cc(cc1)Cl)c1c(N)cc(cc1)Cl	L6J AZ BSS- BL6J AZ EG& EG
N(=Cc1ccc(cc1)OCC)c1ccc(cc1)CCCC	L6J B1UN- BL6J E4& EO2
S(=O)(=O)(c1ccc(Oc2cc(N)ccc2)cc1)c1ccc(Oc2cc(N)ccc2)cc1	L6J BO- EL6J BSW- BL6J EO- BL6J FZ&&& FZ
Nc1ccc(cc1)C(CC)C	L6J BZ EY1&2
N(c1c(cc(cc1)C(F)(F)F)[N+](=O)[O-])CC	L6J AKW BM2 EXFFF
Nc1ccc(cc1)Oc1ccc(cc1)OC	L6J BZ EO- BL6J EO1
Nc1ccc(cc1)CCCCCC	L6J BZ E6
Nc1ccc(cc1)[Si](OC)(OC)OC	L6J BZ E-SI-O1&O1&O1
C(=O)c1cccc(c1)CC	L6J BV D2
C(=O)c1cc(c(cc1)Cl)C(F)(F)F	L6J BV EG FXFFF
N(c1ccc(cc1)N=Nc1ccccc1)(CCOC(C)OCC(C)C)CC	L6J BN2&2OYO1Y1&1&1 ENUN- BL6J
C(=O)c1cc(ccc1)OC(C(F)F)(F)F	L6J BV FOXFFYFF
Nc1ccc(cc1)CCCCCCCCCC	L6J BZ E10
C(=O)c1ccc(cc1)S(=O)C	L6J BV ES1&UO
S1/C(=Nc2ccccc2)/N(/C(=N/C(F)(F)F)/C/1=N/C(F)(F)F)c1ccccc1	L5 BS ENTJ AUN- BL6J& CUNXFFF DUNXFFF E- BL6J
C(=O)(c1ccc(cc1)CCCCCCC)O	L6J BVQ E7
C(=O)(c1ccc(cc1)CS)O	L6J BVQ E1SH
O(c1ccc(cc1)C(F)(F)F)c1ccc(cc1)O	L6J BO- BL6J EQ& EXFFF
Nc1ccc(cc1)OCCCCC	L6J BZ EO5
Nc1ccc(cc1)OCCCCCC	L6J BZ EO6
Nc1cc(ccc1)c1ccncc1	L6J BZ F- BL6 ENJ
C(=O)c1ccc(cc1)OCC=C	L6J BV EO2U1
[Na+].[Na+].Nc1c(ccc(c1)S(=O)(=O)[O-])S(=O)(=O)[O-]	L6J ASWO BZ DSWO &-NA- &-NA- &20/0 &26/0 &0/16 &0/8
Nc1ccc(cc1)Oc1ccc(cc1)C	L6J BZ EO- BL6J E1
C(=O)(c1ccc(cc1)NC(=N)N)O.Cl	L6J BVQ EMYZUM &GH
C(=O)c1ccc(cc1)N(c1ccc(cc1)C)c1ccc(cc1)C	L6J BV EN- BL6J E1&- BL6J E1
N(=CC=CNc1ccccc1)c1ccccc1.Cl	L6J BM1U2UN- BL6J &GH
C(=O)(c1c(ccc(c1)Oc1c(cc(cc1)C(F)(F)F)Cl)[N+](=O)[O-])O	L6J AKW BVQ DO- BL6J AG EXFFF
C(=O)(c1c(ccc(c1)NC(=O)C)N)O	L6J AZ BVQ DMV1
OC(=O)c1c(C(=O)O)cccc1.Nc1ccccc1	L6J AVQ BVQ &L6J BZ
c1ccc(c(c1C)NC(COC)C)CC	L6J C1 DMY1&1O1 E2
Nc1ccc(cc1)OCc1ccccc1.Cl	L6J BZ EO1- BL6J &GH
C(=O)c1ccc(cc1)N1CCCC1	L5 BNTJ B- EL6J BV
C(=O)(c1ccc(cc1)CCBr)O	L6J BVQ E2E
c1(c(cccc1)C(=C)C)N	L6J AY1&U1 BZ
C(=O)(c1c(cccc1)C(=O)Cc1ccc(cc1)Cl)O	L6J AV1- BL6J EG& BVQ
C(=O)(c1ccccc1)O.N(CCO)CCO	L6J BVQ &Q2M2Q
Nc1cc(ccc1)C#C	L6J BZ F1UU1
Nc1cc(cc(c1)C(F)(F)F)Br	L6J BZ DXFFF FE
N(c1ccc(cc1)c1oc(nc1c1c(cccc1)Cl)c1ccccc1)(CC)CC	L5O DNJ B- EL6J BN2&2& C- BL6J AG& E- BL6J
Nc1ccc(cc1)Oc1ccccc1C	L6J BZ EO- BL6J C1
Nc1cc(c(cc1)C#N)C#N	L6J BZ E1UUN F1UUN
Nc1c(ccc(c1)Cl)Oc1c(cccc1)Cl	L6J AO- BL6J AG& BZ DG
Nc1c(ccc(c1)Cl)Oc1c(cc(cc1)Cl)Cl	L6J AO- BL6J AG EG& BZ DG
C(c1occc1)(c1ccc(N(C)C)cc1)c1ccc(N(C)C)cc1	L5OJ BY- BL6J EN1&1&- BL6J EN1&1
C(=O)(c1c(cccc1)COC(=O)c1ccccc1)O	L6J A1OV- BL6J& BVQ
Nc1c(c(ccc1)C(F)(F)F)Br	L6J AE BZ FXFFF
Nc1c(cccc1C(F)(F)F)Br	L6J AE BZ CXFFF
C(=O)(c1ccc(cc1Cl)Br)O	L6J BVQ CG EE
C(=O)(c1ccc(cc1)N1N=C(CC1=O)C)O	L5NNV EUTJ B- EL6J BVQ& E1
Nc1ccc(cc1)C(=C1C=CC(=N)C=C1)c1ccc(cc1)N.[N+](=O)(O)[O-]	L6J BZ EY- BL6J EZ&U- BL6 CU FUTJ EUM &OUKO&Q &0/43
N(c1c(cc(cc1C(F)(F)F)[N+](=O)[O-])[N+](=O)[O-])(c1ccccc1)C	L6J AKW BN1&- BL6J& CXFFF EKW
C(=NN(c1ccccc1)c1ccccc1)c1ccc(cc1)N(CC)CC	L6J BN- BL6J&NU1- BL6J EN2&2
C(=O)CCC.Nc1ccccc1	L6J BZ &OU4
C(=O)(c1c(cccc1)C(=O)c1cc(c(cc1)Cl)S(=O)(=O)Cl)O	L6J AV- BL6J EG FSWG& BVQ
Nc1cc(cc(c1)C(F)(F)F)Cl	L6J BZ DXFFF FG
C(=O)c1cc(ccc1)Oc1ccc(cc1)C(C)(C)C	L6J BV FO- BL6J EX1&1&1
N(c1cc(ccc1)OCC1CO1)(CC1CO1)CC1CO1	L3 COTJ B1O- FL6J BN1- BL3 COTJ&1- BL3 COTJ
Nc1c(cccc1)OCCOC	L6J AO2O1 BZ
C(=O)c1ccc(cc1)OC(F)F	L6J BV EOYFF
C(C(F)(F)F)(C(F)(F)F)(c1ccc(cc1)[O-])c1ccc(cc1)O.[P+](c1ccccc1)(c1ccccc1)(Cc1ccccc1)c1ccccc1	L6J BX- BL6J EQ&XFFFXFFF EO &L6J BP- BL6J&1- BL6J&- BL6J &0/27 &35/0
c1ccc(cc1Oc1cccc(c1)C(F)(F)F)C=O	L6J CO- BL6J DXFFF& EV
c1(N(CCOc2ccccc2)CC)ccccc1.Cl	L6J BO2N2&- BL6J &GH
C(=O)c1cc(ccc1)Oc1cc(c(cc1)Cl)Cl	L6J BV FO- BL6J EG FG
C(=O)c1cc(ccc1)Oc1cc(cc(c1)Cl)Cl	L6J BV FO- BL6J DG FG
C(=O)(c1cc(c(c(c1)OC)C(=O)OCC)OC)O	L6J BVQ DO1 EVO2 FO1
C(=O)(c1cc(c(cc1)S(=O)(=O)C)[N+](=O)[O-])O	L6J BVQ ESW1 FKW
C(=O)c1ccccc1.N(c1ccccc1)(C)C.N(c1ccccc1)(CC)CC	L6J BV &L6J BN1&1 &L6J BN2&2
C(=O)(c1ccc(cc1)OCCN1CCCCC1)O.Cl	L6J BVQ EO2- BL6 BNTJ &GH
Nc1ccc(cc1)CCOC	L6J BZ E2O1
C(=O)c1c(cc(cc1)C(F)(F)F)Br	L6J AE BV EXFFF
N(c1ccc(cc1)N=Nc1c(cc(cc1)[N+](=O)[O-])Cl)(CCOC(C)OCC(C)C)CC	L6J BN2&2OYO1Y1&1&1 ENUN- BL6J AG EKW
Nc1c(ccc(c1)S(=O)(=O)C)Sc1c(cccc1)[N+](=O)[O-]	L6J AS- BL6J AKW& BZ DSW1
C(=O)(c1c(cc(c(c1)S(=O)(=O)CC)NC(=O)C)OC)O	L6J AO1 BVQ DSW2 EMV1
Nc1cc(c(c(c1)Cl)OC(C(F)F)(F)F)Cl	L6J BZ DG EOXFFYFF FG
C(=O)(c1c(cc(cc1)S(=O)(=O)C)Cl)O	L6J AG BVQ ESW1
Nc1ccc(c(c1F)F)F	L6J BZ CF DF EF
C1(c2ccccc2-c2ccccc12)(c1cc(c(N)cc1)Cl)c1cc(c(N)cc1)Cl	L B656 GU- B AU- I &T&J H- BL6J EZ FG& H- BL6J EZ FG
C(=O)(c1c(cccc1)CS(=O)(=O)N=C=O)OC	L6J A1SWNUV BVO1
C(=O)(c1c(cccc1)Nc1c(cc(cc1)N)[N+](=O)[O-])O	L6J AM- BL6J AKW EZ& BVQ
Nc1c(cccc1)Sc1ccccc1	L6J AS- BL6J& BZ
N(c1ccccc1)c1nc(cc(n1)C)C	L6J BM- BL6N CNJ D1 F1
Nc1c(c(ccc1)Cl)SC(C)C	L6J ASY1&1 BZ FG
C(=O)c1cc(ccc1)/C=C/c1nc2c(cc1)ccc(c2)Cl	L6J BV F1U1- CL66 BNJ IG
C(=O)c1cc(c(cc1)F)F	L6J BV EF FF
c1cc(cc(c1F)F)O	L6J CF DF FQ
C(=O)(c1ccc(cc1)OCCCCCCOC(=O)C=C)Oc1ccc(cc1)C#N	L6J BVO- BL6J E1UUN& EO6OV1U1
C(=O)(c1ccc(cc1)I)OCC	L6J BVO2 EI
C(=O)(c1c(cccc1)O)OCC(CCCCCC)CCCC	L6J AQ BVO1Y4&6
C(=O)(c1ccc(cc1)Cl)NN(C(C)(C)C)C(=O)c1ccccc1	L6J BVMNV- BL6J&X1&1&1 EG
C(C(F)(F)F)(O)(O)c1c(ccc(c1)Cl)N.Cl	L6J AZ BXQQXFFF DG &GH
c1c(ccc(c1)C(=O)Oc1ccc(cc1)OC)OCCCCC1OC1	L3OTJ B4O- AL6J DVO- BL6J EO1
C(=O)(c1c(c(cc(c1F)F)F)F)O	L6J AF BVQ CF DF FF
c1(cc(cc(c1F)F)O)F	L6J BF CF DF FQ
c1(ccc(cc1)C=Nc1ccc(cc1)F)O	L6J BQ E1UN- BL6J EF
Nc1c(c(c(c(c1)Cl)OC(C(C(F)(F)F)F)(F)F)Cl)F	L6J AF BZ DG EOXFFYFXFFF FG
Nc1cc(c(cc1)OCc1cc(ccc1)F)Cl	L6J BZ EO1- BL6J FF& FG
C(=O)c1ccc(cc1)c1ccc(cc1)C(F)(F)F	L6J BV E- BL6J EXFFF
C(=O)(c1c(c(c(cc1)S(=O)(=O)C)CBr)Cl)O	L6J AG BVQ ESW1 F1E
C(=O)(c1c(c(c(cc1)S(=O)(=O)C)COCC(F)(F)F)Cl)O	L6J AG BVQ ESW1 F1O1XFFF
C(C)(C)(c1ccc(OCC2OC2)cc1)c1ccc(OCC2OC2)cc1	L3OTJ B1O- EL6J BX- BL6J EO1- BL3OTJ&&1&1
o1ncc(c1C)C(=O)OC	L5NOJ C1 DVO1
[Si](C)(C)(Cl)CCCC	1-SI-4&G1
C(=O)(c1c(cc(cc1)F)Br)O	L6J AE BVQ EF
C(=O)(c1ccc(cc1)CN1CCN(CC1)C)O.Cl.Cl	L6J BVQ E1- BL6 BN ENTJ E1 &GH &GH
C(=O)(c1c(c(c(cc1)S(=O)(=O)C)C)Cl)O	L6J AG BVQ ESW1 F1
C(=O)(c1ccc(cc1)S)O	L6J BVQ ESH
C(=O)(c1c(cc(cc1)F)F)OCC	L6J AF BVO2 EF
C(=O)(c1c(cc(cc1)CBr)OCC)OCC	L6J AO2 BVO2 E1E
C(=O)(c1c(cc(cc1)S(=O)(=O)C)[N+](=O)[O-])O	L6J AKW BVQ ESW1
Nc1c(cccc1)Sc1ccccc1	L6J AS- BL6J& BZ
C(=O)c1ccc(cc1)OCCc1ccc(cn1)CC	L6J BV EO2- BL6 CNJ E2
C(=O)(c1ccc(cc1)OCCCCC=C)O	L6J BVQ EO5U1
C(=O)(c1cc(c(c(c1)Cl)OC(=O)OCCCCCCCCCCCCCCCC)Cl)OCC	L6J BVO2 DG EOVO16 FG
C(=O)(c1c(c(cc(c1)[N+](=O)[O-])[N+](=O)[O-])Br)O	L6J AE BVQ DKW FKW
c1(c(cc(cc1)OC(=O)c1ccc(cc1)O)C)OC(=O)c1ccc(cc1)O	L6J A1 BOV- BL6J EQ& EOV- BL6J EQ
[C@@H]1([C@@H]([C@H]([C@@H]([C@H](O1)CO)O)O)O)Oc1c(cc(C=O)cc1)OCC	L6 COTJ AQ BO- BL6J AO2 EV& D1Q EQ FQ
C(=O)(c1cc(cc(c1)[N+](=O)[O-])C(=O)NCC(CO)O)O	L6J BVQ DKW FVM1YQ1Q
[Na+].C(=O)(c1c(cccc1Sc1nc(cc(n1)OC)OC)Cl)[O-]	L6J AG BYW CS- BL6N CNJ DO1 FO1 &-NA- &35/0
Nc1ccc(cc1)C(=C1C=C/C(=N/C)/C=C1)c1ccc(cc1)N	L6J BZ EY- BL6J EZ&U- BL6 CU FUTJ EUN1
C(=O)(c1ccc(cc1)B(O)O)O	L6J BVQ EBQQ
C(=O)(c1c(ccc(c1)I)I)O	L6J AI BVQ DI
C(=O)(c1c(cc(cc1)C(F)(F)F)S(=O)(=O)C)O	L6J ASW1 BVQ EXFFF
C(=O)c1c(ccc(c1)OC(F)(F)F)OC	L6J AO1 BV DOXFFF
C(=O)(c1ccc(cc1)OCCCCCCCCCCC)O	L6J BVQ EO11
C(=O)(c1cc(c(cc1)Br)C)OCC	L6J BVO2 EE F1
C(=O)(c1cc(c(cc1)OC(F)F)OCC1CC1)O	L3TJ B1O- FL6J BVQ EOYFF
Nc1cc(c(c(c1)F)F)F	L6J BZ DF EF FF
C(=O)(c1ccc(cc1)[N+](=O)[O-])OCC(CCCC)CC	L6J BVO1Y2&4 EKW
c1c(cc(cc1)N(C)C)Br	L6J AE EN1&1
C(=O)(c1c(cc(cc1)I)O)O	L6J AQ BVQ EI
C(=NO)c1c(ccc(c1)CCCCCCCCC)O	L6J AQ B1UNQ D9
c1(c([N+](=O)[O-])cc(c(c1)OCCOC)OCCOC)C(=O)OCC	L6J AKW BVO2 DO2O1 EO2O1
C(=O)(c1cc(c(cc1)OCCOC)OCCOC)OCC	L6J BVO2 EO2O1 FO2O1
C(=O)(c1cc(c(cc1)C)N)OC	L6J BVO1 E1 FZ
COc1cc(c([N+](=O)[O-])cc1)C(=O)O	L6J BO1 EKW FVQ
C(=O)(c1c(ccc(c1)I)Cl)O	L6J AG BVQ DI
c1(cc(c(cc1OC)NC(=O)C)I)C(=O)OC	L6J BVO1 CO1 EMV1 FI
C(=O)(c1ccc(cc1)CCC=C)Oc1cc(c(c(c1)F)C#N)F	L6J BVO- BL6J DF E1UUN FF& E3U1
C(=O)(c1ccccc1OCCC)O	L6J BVQ CO3
Nc1ccc(cc1)F.Cl	L6J BZ EF &GH
C(=O)(c1cc(c(cc1)F)O)OC	L6J BVO1 EF FQ
Nc1ccc(cc1)n1cncc1	L5 BN ENJ B- EL6J BZ
C(=O)c1cc(c(c(c1)OC)OC(CC)C)OC	L6J BV DO1 EOY1&2 FO1
C(=O)c1cccc(c1)C(C)(C)C	L6J BV DX1&1&1
C(=O)(c1ccc(cc1)CCC)O	L6J BVQ E3
C(=O)(c1ccc(cc1)OCCCCCCCC)O	L6J BVQ EO8
C(=O)(c1cc(c(cc1)C)C(F)(F)F)O	L6J BVQ E1 FXFFF
C(=O)(c1ccc(cc1)N)OCC(CCCC)CC	L6J BVO1Y2&4 EZ
C(=O)c1c(cccc1)I	L6J AI BV
C(=O)(c1c(ccc(c1)I)N)OCC	L6J AZ BVO2 DI
c1(cc(ccc1F)F)O	L6J BQ CF FF
c1(cc(c(cc1)F)F)O	L6J BQ EF FF
c1(cc(cc(c1)F)F)O	L6J BQ DF FF
C(=O)(c1c(ccc(c1)C(=O)CBr)OCc1ccccc1)OC	L6J AO1- BL6J& BVO1 DV1E
C(=O)(c1c(cccc1)OCCCCCCCC)O	L6J AO8 BVQ
C(=O)(c1c(ccc(c1)I)Cl)OCC	L6J AG BVO2 DI
C(=O)(c1c(cccc1)C(=O)c1c(cc(cc1)N(CC)CC)O)OCCCCCC	L6J AV- BL6J AQ EN2&2& BVO6
C(=O)(c1c(ccc(c1)F)N)OC	L6J AZ BVO1 DF
Nc1ccc(cc1)CS(=O)(=O)N1CCCC1	L5 BNTJ BSW1- EL6J BZ
C(=O)(c1cc(c(cc1)O)F)O	L6J BVQ EQ FF
C(=O)(c1c(cccc1)NC(=O)CC(=O)C)O	L6J AMV1V1 BVQ
C(=O)(c1c(ccc(c1)OCC(F)(F)F)OCC(F)(F)F)O	L6J AO1XFFF BVQ DO1XFFF
Nc1c(cc(cc1[N+](=O)[O-])F)F	L6J AF BZ CKW EF
C(=O)(c1ccc(cc1)OC(=O)CCCl)O	L6J BVQ EOV2G
C(=O)(c1cc(c(cc1)OC)F)OC	L6J BVO1 EO1 FF
Oc1c(Cl)cc(cc1Cl)F	L6J AG BQ CG EF
C(=O)(c1c(ccc(c1)F)[N+](=O)[O-])OC	L6J AKW BVO1 DF
C(=O)c1ccc(cc1)CC(C)C	L6J BV E1Y1&1
c1c(ccc(c1)OC(=O)C)F	L6J AF DOV1
C(=O)(c1cc(c(cc1)NC)[N+](=O)[O-])O	L6J BVQ EM1 FKW
C(=O)(c1cc(c(cc1F)F)F)O	L6J BVQ CF EF FF
C(=O)(c1cc(cc(c1)F)F)O	L6J BVQ DF FF
C(=O)(c1c(cccc1)C(=O)Nc1ccccc1)O	L6J AVM- BL6J& BVQ
C(=O)(c1cc(ccc1)S)O	L6J BVQ FSH
C(=O)(c1c(cc(cc1Cl)Cl)Cl)O	L6J AG BVQ CG EG
C(=NO)c1cc(ccc1)Br	L6J B1UNQ FE
C(=O)(c1c(cc(cc1)C#N)[N+](=O)[O-])OC	L6J AKW BVO1 E1UUN
C(=O)(c1c(cc(cc1)C#N)[N+](=O)[O-])OC	L6J AKW BVO1 E1UUN
N(c1ccccc1)c1nc(cc(n1)C)C	L6J BM- BL6N CNJ D1 F1
c1c(cc(cc1)N)C(C)C	L6J AY1&1 EZ
C(=O)(c1ccc(cc1)OCCC)O	L6J BVQ EO3
Nc1ccc(cc1)CN.Cl.Cl	L6J BZ E1Z &GH &GH
C(=O)(c1c(ccc(c1)I)C)O	L6J A1 BVQ DI
C(=O)(c1cc(c(cc1)O)C(=O)C)OC	L6J BVO1 EQ FV1
C(=O)(c1c(c(ccc1)[N+](=O)[O-])NC(=O)OC(C)(C)C)OC	L6J AMVOX1&1&1 BVO1 FKW
c1(c(c(cc(c1)Br)F)O)Br	L6J AQ BE DE FF
C(=O)c1c(c(ccc1)C)C	L6J A1 BV F1
C(=O)(c1c(cccc1)NC(=O)c1ccccc1)O	L6J AMV- BL6J& BVQ
[Ca+2].C(=O)(c1cc(ccc1)C)[O-].C(=O)(c1cc(ccc1)C)[O-]	L6J BYW F1 &L6J BYW F1 &-CA- &26/0 &26/0
C(=O)c1c(cccc1)OCc1ccccc1	L6J AO1- BL6J& BV
C(=O)(c1c(c(cc(c1)Br)Br)N)OC	L6J AZ BVO1 DE FE
C(=O)(c1c(c(c(cc1)F)F)F)O	L6J AF BVQ EF FF
C(=O)(c1c(cccc1C)OC)O	L6J AO1 BVQ C1
C(=O)(c1c(ccc(c1)I)Cl)OC	L6J AG BVO1 DI
C(=O)(c1c(cccc1)OCC)OCC	L6J AO2 BVO2
FC(F)(F)c1c(Cl)ccc(c1)O	L6J AG BXFFF DQ
C(=O)(c1c(cc(cc1)O)F)O	L6J AF BVQ EQ
C(=O)c1ccc(cc1)OCc1cc(ccc1)F	L6J BV EO1- BL6J FF
C(=O)(c1c(cccc1)Nc1cc(ccc1)C(F)(F)F)OCCCC	L6J AM- BL6J FXFFF& BVO4
N(c1ccc(C=O)cc1)(Cc1ccccc1)CC	L6J BN2&1- BL6J& EV
c1ccc(c(c1)Br)N(C)C	L6J DE EN1&1
C(=O)c1c(ccc(c1)Cl)OC	L6J AO1 BV DG
C(=O)c1ccc(cc1)OCc1c(cccc1)F	L6J BV EO1- BL6J AF
N(=Cc1ccc(cc1)OCc1ccccc1)c1ccc(cc1)F	L6J B1UN- BL6J EF& EO1- BL6J
N(c1cc(c(cc1)N=Nc1sc(cn1)[N+](=O)[O-])C)(CC)CC	L5S CNJ BNUN- EL6J BN2&2 F1& EKW
c1(C(=O)O)c(NCC(=O)O)cccc1Cl	L6J AM1VQ BVQ CG
C(=O)(c1cc(c(cc1)Cl)C)O	L6J BVQ EG F1
[Na+].C(=O)(c1cc(ccc1)O)[O-]	L6J BYW FQ &-NA- &14/0
C(=O)(c1c(ccc(c1)I)N)OC	L6J AZ BVO1 DI
C(=O)(c1cc(c(cc1)C(C)(C)C)OC)O	L6J BVQ EX1&1&1 FO1
c1(S(=O)(=O)CCOS(=O)(=O)O)cccc(c1)NCC	L6J BSW2OSWQ DM2
C(=O)(c1ccc(cc1)OCCCCCCO)O	L6J BVQ EO6Q
C(=O)(c1c(cccc1)C(=O)c1ccc(c(c1)c1ccccc1)O)O	L6J AV- BL6J D- BL6J& EQ& BVQ
c1(cc(nc(n1)NC(=O)NS(=O)(=O)c1ccccc1C(=O)OC)OC(F)F)OC(F)F	L6 CN ENJ BOYFF DMVMSW- BL6J CVO1& FOYFF
C(=O)(c1ccc(cc1)CCCC)Oc1cc(c(cc1)C#N)F	L6J BVO- BL6J E1UUN FF& E4
C(=O)(c1ccc(cc1)CCCCCCC)Oc1cc(c(cc1)C#N)F	L6J BVO- BL6J E1UUN FF& E7
C(=O)(c1c(cccc1)C(=O)N(CCCCCCCCCCCCCCCCCC)CCCCCCCCCCCCCCCCCC)O	L6J AVN18&18 BVQ
C(=O)c1c(cc(c(c1)F)OC)F	L6J AF BV DF EO1
Nc1c(cc(cc1Br)OC(F)(F)F)Br	L6J AE BZ CE EOXFFF
C(=O)(c1c(cc(cc1)C)OCC)OCC	L6J AO2 BVO2 E1
C(=O)c1c(cc(cc1)C(F)(F)F)F	L6J AF BV EXFFF
C(=O)(c1cc(c(cc1)Cl)C)OC	L6J BVO1 EG F1
Fc1cc(O)c(F)cc1C=O	L6J BF CV EF FQ
c1ccc(c(c1)N)Br.Cl	L6J DZ EE &GH
C(=O)(c1c(cc(cc1)Cl)NCC(=O)O)O	L6J AM1VQ BVQ EG
C(=O)(c1c(cc(cc1)CC#N)OCC)OCC	L6J AO2 BVO2 E2UUN
C(=O)(c1c(c(c(cc1)S(=O)(=O)C)COCC(F)(F)F)Cl)O	L6J AG BVQ ESW1 F1O1XFFF
N(c1ccc(cc1)F)C(C)C	L6J BMY1&1 EF
C(=O)(c1cc(ccc1)C(=O)OC)O	L6J BVQ FVO1
C(=O)(c1cc(ccc1)C#N)OC	L6J BVO1 F1UUN
Nc1c(c(c(cc1)F)OC(F)(F)F)F	L6J AF BZ EF FOXFFF
C(=O)(c1c(c(ccc1)Cl)N)OC	L6J AZ BVO1 FG
Nc1c(c(c(cc1)O)Cl)Cl	L6J AG BZ EQ FG
C(=O)(c1ccc(cc1)OCCCCCCOC(=O)C=C)Oc1ccc(cc1)OC	L6J BVO- BL6J EO1& EO6OV1U1
c1c(ccc(c1)O)SC(F)(F)F	L6J ASXFFF DQ
C(=O)(c1cc(c(cc1)O)CNCC(=O)O)O	L6J BVQ EQ F1M1VQ
C(=O)c1c(c(cc(c1)C(F)(F)F)Cl)F	L6J AF BV DXFFF FG
Nc1cc(ccc1)C1=NCCN1.Cl.O	L5N AU CMTJ B- FL6J BZ &GH &QH
C(=O)(c1cc(c(cc1)O)CN1CCOCC1)O.O	L6J BVQ EQ F1- BL6 BN EOTJ &QH
C(=O)c1c(c(ccc1C(F)(F)F)Cl)F	L6J AF BV CXFFF FG
C(=O)(c1c(cccc1)S(=O)(=O)O)O.O	L6J ASWQ BVQ &QH
Nc1c(c(ccc1F)F)F	L6J AF BZ CF FF
C(=O)c1c(ccc(c1)OC(F)(F)F)O	L6J AQ BV DOXFFF
C(=O)(c1c(cccc1)C(=O)c1cc(c(cc1)OC)OC)O	L6J AV- BL6J EO1 FO1& BVQ
C(=O)(c1cc(ccc1)C(=O)c1ccccc1)O	L6J BVQ FV- BL6J
N(c1c(cc(cc1C(C)C)Cc1cc(c(N(C)C)c(c1)C(C)C)C(C)C)C(C)C)(C)C	L6J AY1&1 BN1&1 CY1&1 E1- BL6J DY1&1 EN1&1 FY1&1
c1(c(cc(cc1)F)c1n[nH]cc1)O	L5N EMJ B- AL6J BQ EF
C(=NN=Cc1ccc(cc1)Cl)c1ccc(cc1)Cl	L6J B1UNNU1- BL6J EG& EG
N(c1ccc(cc1)N=Nc1cc(ccc1)Br)(CC)CC	L6J BN2&2 ENUN- BL6J FE
N(c1ccccc1)(C)CP(=O)(c1ccccc1)c1ccccc1	L6J BN1P- BL6J&- BL6J&UO&1
N(=Cc1c(cccc1)Cl)c1ccc(cc1)F	L6J AG B1UN- BL6J EF
C(=O)(c1c(cccc1)C(=O)Nc1cc(ccc1)C(=O)O)O	L6J AVM- BL6J FVQ& BVQ
C(=O)(c1ccc(cc1)Sc1ccccc1)O	L6J BVQ ES- BL6J
C(=O)(c1c(cc(cc1)C(F)(F)F)C(F)(F)F)O	L6J AXFFF BVQ EXFFF
N(c1ccc(cc1)Cc1ccc(cc1)N)C	L6J BM1 E1- BL6J EZ
C(=NN(c1ccccc1)c1ccccc1)c1ccc(cc1)N(C)C	L6J BN- BL6J&NU1- BL6J EN1&1
C(=O)c1ccc(cc1)Oc1ccc(cc1)Br	L6J BV EO- BL6J EE
c1(ccc(cc1)C=C(C#N)C#N)N(CCO)CCO	L6J BN2Q2Q E1UY1UUN&1UUN
Nc1c(cc(cc1[N+](=O)[O-])C(F)(F)F)Cl	L6J AG BZ CKW EXFFF
C(=O)c1ccc(cc1)Oc1ccc(cc1)[N+](=O)[O-]	L6J BV EO- BL6J EKW
c1(ccc(cc1)N)OCCCOc1ccc(cc1)N	L6J BO3O- BL6J EZ& EZ
O(c1c(C(=O)O)cccc1)c1c(C(=O)O)cccc1	L6J AVQ BO- BL6J AVQ
C(=O)(c1c(cccc1Cl)Br)O	L6J AE BVQ CG
C(=O)(c1c(ccc(c1)n1cccc1)O)O	L5 BNJ B- DL6J AQ BVQ
Nc1c(cc(cc1C(F)(F)F)Cl)Cl	L6J AG BZ CXFFF EG
N(=Cc1ccc(cc1)F)c1cc(c(cc1)C)C	L6J B1UN- BL6J E1 F1& EF
C(=O)(c1c(cc(cc1C)C)C)OC	L6J A1 BVO1 C1 E1
Nc1c(cc(cc1Cl)C(F)(F)F)Br	L6J AE BZ CG EXFFF
C(=O)(c1ccc(cc1)C(C)Br)O	L6J BVQ EYE1
C(=O)c1cc(ccc1)c1ccc(cc1)Cl	L6J BV F- BL6J EG
C(=O)(c1cc(ccc1)CBr)ON1C(=O)CCC1=O	L5VNVTJ BOV- BL6J F1E
o1nccc1c1c(ccc(c1)F)O	L5NOJ C- BL6J AQ DF
C(=O)(c1ccc(cc1)Oc1ccc(cc1)C)O	L6J BVQ EO- BL6J E1
C(=O)c1ccc(cc1)Oc1ccc(cc1)C	L6J BV EO- BL6J E1
N(=Cc1ccc(cc1)F)c1ccc(cc1)F	L6J B1UN- BL6J EF& EF
C(=O)(c1c(cccc1)C(=O)c1cccs1)O	L5 CSJ BV- AL6J BVQ
N(=Cc1ccc(cc1)OC)c1ccc(cc1)F	L6J B1UN- BL6J EF& EO1
Nc1ccc(cc1)CCCCC	L6J BZ E5
C(=O)(c1cc(ccc1)SC(F)(F)F)O	L6J BVQ FSXFFF
Nc1ccc(cc1)c1cccs1	L5 CSJ B- EL6J BZ
N(c1ccccc1)(C)COCC	L6J BN1O2&1
C(=O)c1cc(ccc1)c1ccc(cc1)C	L6J BV F- BL6J E1
[N+](=O)(c1ccc(C(=O)OC[C@@H]2CO2)cc1)[O-]	L3 COTJ B1OV- EL6J BKW
C(=O)(c1cc(c(cc1)N1CCN(CC1)C(=O)OC(C)(C)C)[N+](=O)[O-])O	L6J BVQ E- BL6 BN ENTJ EVOX1&1&1& FKW
Nc1c(cc(cc1Br)C(F)(F)F)Br	L6J AE BZ CE EXFFF
N(c1cc(ccc1)Br)(c1ccccc1)c1ccccc1	L6J BN- BL6J&- BL6J& FE
C(=O)(c1c(c(cc(c1)Cl)Cl)Cl)O	L6J AG BVQ DG FG
Nc1c(c(c(c(c1)F)F)F)F	L6J AF BZ DF EF FF
c1(c(c(c(c(c1F)O)F)F)C(F)(F)F)F	L6J AXFFF BF CF DQ EF FF
C(=O)(c1c(cc(cc1F)F)F)O	L6J AF BVQ CF EF
c1cc(c(c(c1)O)F)C(F)(F)F	L6J DQ EF FXFFF
C(=O)c1ccc(cc1)c1cccs1	L5 CSJ B- EL6J BV
C(=Nc1ccc(cc1)OC)c1ccc(C=Nc2ccc(cc2)OC)cc1	L6J BNU1- BL6J E1UN- BL6J EO1&& EO1
C(=O)(c1cc(ccc1)c1ccc(cc1)C=O)O	L6J BVQ F- BL6J EV
C(=O)(c1c(cccc1)c1oc(cn1)c1ccccc1)O	L5O CNJ B- AL6J BVQ& E- BL6J
C(=O)(c1ccc(cc1)n1nccc1)O	L5NNJ B- EL6J BVQ
C(=O)c1c(cccc1)Oc1ccc(cc1)OC	L6J AO- BL6J EO1& BV
C(=O)c1c(cccc1)Oc1cc(ccc1)OC	L6J AO- BL6J FO1& BV
C(=O)c1ccc(cc1)Oc1ccc(cc1)F	L6J BV EO- BL6J EF
C(=O)(c1cc(c(c(c1)F)F)F)O	L6J BVQ DF EF FF
c1ccc(cc1Cc1ccccc1)N	L6J C1- BL6J& EZ
C(=O)c1ccc(cc1)Oc1ccc(cc1)OC	L6J BV EO- BL6J EO1
C(=O)c1ccc(cc1)Oc1ccc(cc1Cl)Cl	L6J BV EO- BL6J CG EG
C(=O)(c1c(ccc(c1)OC(F)(F)F)N)O	L6J AZ BVQ DOXFFF
C(=O)c1c(ccc(c1)C(F)(F)F)C(F)(F)F	L6J AXFFF BV DXFFF
C(=O)c1ccc(cc1)Oc1cc(ccc1)Cl	L6J BV EO- BL6J FG
C(=O)(c1c(c(ccc1F)F)F)O	L6J AF BVQ CF FF
Nc1c(c(c(c(c1F)F)C(F)(F)F)F)F	L6J AF BZ CF DF EXFFF FF
C(=O)(c1cc(cc(c1)C(F)(F)F)N)O	L6J BVQ DXFFF FZ
C(=O)c1c(cccc1)Oc1ccc(cc1)F	L6J AO- BL6J EF& BV
c1c(c(c(c(c1)O)F)F)F	L6J AF DQ EF FF
C(=O)(c1ccc(cc1)Oc1ccc(cc1)F)O	L6J BVQ EO- BL6J EF
C(=O)c1c(cccc1)Oc1ccc(cc1)Cl	L6J AO- BL6J EG& BV
Nc1c(cc(cc1[N+](=O)[O-])C(F)(F)F)Br	L6J AE BZ CKW EXFFF
C(=O)(c1ccc(cc1)Oc1ccc(cc1)[N+](=O)[O-])O	L6J BVQ EO- BL6J EKW
C(=O)c1c(c(ccc1)C(F)(F)F)Cl	L6J AG BV FXFFF
Nc1c(cc(cc1C(F)(F)F)Br)Cl	L6J AG BZ CXFFF EE
c1(cc(ccc1)OC(F)(F)F)O	L6J BQ FOXFFF
Nc1c(cc(cc1Cl)OC(F)(F)F)Cl	L6J AG BZ CG EOXFFF
Nc1ccc(cc1)C#C[Si](C)(C)C	L6J BZ E1UU1-SI-1&1&1
N(c1ccccc1)(c1ccc(C=O)cc1)c1ccc(C=O)cc1	L6J BN- BL6J EV&- BL6J EV
C(=O)(c1cc(c(cc1)C(F)(F)F)F)O	L6J BVQ EXFFF FF
Nc1ccc(cc1)c1cscc1	L5 ESJ B- EL6J BZ
N(c1c(cccc1)Br)C(=O)OC(C)(C)C	L6J AE BMVOX1&1&1
C(=O)(c1ccc(cc1)NC(=O)CCl)O	L6J BVQ EMV1G
C(=O)(c1c(cccc1)C(=O)Nc1cccc2ccccc12)O	L6J AVM- EL66J& BVQ
[O-][N+](=O)c1cc([N+](=O)[O-])ccc1NN=Cc1ccccc1	L6J BKW CMNU1- BL6J& FKW
C(=O)(c1cc(ccc1)CN)O.Cl	L6J BVQ F1Z &GH
C(=O)c1ccc(cc1)c1cnccc1	L6J BV E- BL6 FNJ
C(=O)(c1c(cccc1)OCc1ccccc1)O	L6J AO1- BL6J& BVQ
C(=O)(c1ccc(cc1)Oc1ccc(cc1)OC)O	L6J BVQ EO- BL6J EO1
N(=Cc1ccccn1)/c1ccccc1	L6 CNJ B1UN- BL6J
C(=O)(c1ccc(cc1)Oc1ccc(cc1)Cl)O	L6J BVQ EO- BL6J EG
C(=O)c1ccc(cc1)Oc1ccc(cc1)C=O	L6J BV EO- BL6J EV
O=Cc1ccc(Oc2ccc(Cl)cc2)cc1	L6J BO- EL6J BV& EG
C(=O)(c1ccc(cc1)c1ccc(cc1)F)O	L6J BVQ E- BL6J EF
C(=O)c1c(c(ccc1)C(F)(F)F)F	L6J AF BV FXFFF
c1cc(c(c(c1F)O)F)F	L6J CF DQ EF FF
C(=O)c1c(cc(cc1)F)C(F)(F)F	L6J AXFFF BV EF
Nc1ccc(cc1)OC(F)F	L6J BZ EOYFF
O(c1c(N)cccc1)c1c(N)cccc1	L6J AZ BO- BL6J AZ
C(=O)(c1ccc(cc1)n1cncc1)O	L5 BN ENJ B- EL6J BVQ
C(=O)c1cc(cc(c1)C(F)(F)F)F	L6J BV DXFFF FF
N(c1ccccc1)(C(C)C)C(C)C	L6J BNY1&1&Y1&1
C(=O)c1ccc(cc1)OCCCN(C)C	L6J BV EO3N1&1
N(c1ccccc1)CCCCCC	L6J BM6
C(=O)(c1ccc(cc1)OC(F)F)O	L6J BVQ EOYFF
C(=O)c1c(cccc1C(F)(F)F)F	L6J AF BV CXFFF
C(=O)c1ccc(cc1)OCCCC(C(C(C(C(C(C(C(F)(F)F)(F)F)(F)F)(F)F)(F)F)(F)F)(F)F)(F)F	L6J BV EO3XFFXFFXFFXFFXFFXFFXFFXFFF
C(=O)(c1ccc(cc1)NNC(=O)OCC1c2ccccc2-c2ccccc12)O	L B656 GU- B AU- I &T&J H1OVMM- EL6J BVQ
Nc1ccc(cc1)Cn1ncnc1.Cl	L5NN DNJ B1- EL6J BZ &GH
C(=O)(c1ccc(cc1)N1CCCC1)O	L5 BNTJ B- EL6J BVQ
N(c1cc(ccc1)Br)C(=O)OC(C)(C)C	L6J BMVOX1&1&1 FE
C(=O)(c1c(c(ccc1)C(F)(F)F)N)O	L6J AZ BVQ FXFFF
Nc1ccc(cc1)Oc1ccc(cc1)Br	L6J BZ EO- BL6J EE
C(=O)(c1ccc(cc1)SC(F)(F)F)O	L6J BVQ ESXFFF
C(=O)(c1cc(ccc1)NC)O	L6J BVQ FM1
C(=O)c1c(ccc(c1)C(F)(F)F)Cl	L6J AG BV DXFFF
N(c1ccc(cc1)CN)(C)C.Cl.Cl	L6J BN1&1 E1Z &GH &GH
Nc1c(ccc(c1)C(F)(F)F)OC	L6J AO1 BZ DXFFF
C(=O)(c1c(cccc1C(F)(F)F)F)O	L6J AF BVQ CXFFF
Nc1c(cccc1)OC(F)F	L6J AOYFF BZ
C(=O)(c1c(cccc1)Sc1c(cccc1)C#N)O	L6J AS- BL6J A1UUN& BVQ
N(c1c(cccc1)I)C(=O)OC(C)(C)C	L6J AI BMVOX1&1&1
C(=O)c1ccc(cc1)O[Si](C)(C)C(C)(C)C	L6J BV EO-SI-X1&1&1&1&1
C(=O)(c1ccc(cc1)N1CCOCC1)O	L6J BVQ E- BL6 BN EOTJ
C(=O)(c1c(ccc(c1)F)C(F)(F)F)O	L6J AXFFF BVQ DF
C(=O)c1cc(c(cc1)F)C(F)(F)F	L6J BV EF FXFFF
C(=O)(c1cc(cc(c1)O)O)OCC.C(=O)(c1cc(cc(c1)O)O)OCC.O	L6J BVO2 DQ FQ &L6J BVO2 DQ FQ &QH
Nc1cc(ccc1)OC(F)F	L6J BZ FOYFF
C(=O)(c1ccc(cc1)Oc1ccc(cc1)Br)O	L6J BVQ EO- BL6J EE
Nc1c(cccc1)B1OC(C(O1)(C)C)(C)C	L5OBOTJ B- AL6J BZ& D1 D1 E1 E1
C(=O)c1c(ccc(c1)C(F)(F)F)F	L6J AF BV DXFFF
C(=O)c1c(cc(cc1)C(F)(F)F)[N+](=O)[O-]	L6J AKW BV EXFFF
C(=O)c1ccc(cc1)N(CCCl)CCCl	L6J BV EN2G2G
Nc1ccc(cc1)S(=O)(=O)C(F)(F)F	L6J BZ ESWXFFF
N(c1ccccc1)(CCCCCC)CCCCCC	L6J BN6&6
c1c(cc(c(c1)O)OC)F	L6J AF DQ EO1
C(=O)c1c(cc(cc1)C(F)(F)F)C(F)(F)F	L6J AXFFF BV EXFFF
Nc1c(ccc(c1)C(F)(F)F)F	L6J AF BZ DXFFF
Nc1cc(c(cc1)C)C(F)(F)F	L6J BZ E1 FXFFF
C(=O)(c1cc(c(cc1)F)C(F)(F)F)O	L6J BVQ EF FXFFF
Nc1ccc(cc1)CCCCCCCCCCCCCCCC	L6J BZ E16
N(c1ccc(cc1)C(F)(F)F)C	L6J BM1 EXFFF
C(=O)(c1ccc(cc1)n1cccc1)O	L5 BNJ B- EL6J BVQ
Nc1ccc(cc1)CCCCCCC	L6J BZ E7
Nc1c(cccc1)C#C[Si](C)(C)C	L6J A1UU1-SI-1&1&1 BZ
c1(c(c(ccc1)C(F)(F)F)Cl)O	L6J AG BQ FXFFF
c1(ccc(c(c1)O)F)C(F)(F)F	L6J BXFFF DQ EF
C(=O)(c1c(cc(cc1)F)C(F)(F)F)O	L6J AXFFF BVQ EF
Nc1c(cccc1C(F)(F)F)F	L6J AF BZ CXFFF
Nc1c(cc(cc1)Br)OC(F)(F)F	L6J AOXFFF BZ EE
[O-][N+](=O)c1c([N+](=O)[O-])ccc(c1)N	L6J AKW BKW DZ
C(=O)c1cccc(c1)I	L6J BV DI
Nc1c(cc(cc1)B1OC(C(O1)(C)C)(C)C)[N+](=O)[O-]	L5OBOTJ B- EL6J AKW BZ& D1 D1 E1 E1
C(=O)(c1cc(c(cc1)Cl)Br)O	L6J BVQ EG FE
c1(cccnc1C(=O)O)C	L6 DNJ B1 CVQ
c1(c(cccn1)N)Br	L6 CNJ AZ BE
c1cc(c(s1)Br)CBr	L5 CSJ DE E1E
n1(ncc(c1)I)C	L5NNJ B1 DI
Nc1ccc(cc1)N1CCCCC1	L6J BZ E- BL6 BNTJ
Nc1cc(ccc1)B1OC(C(O1)(C)C)(C)C	L5OBOTJ B- FL6J BZ& D1 D1 E1 E1
C(=O)(c1c(cc(cc1)C(F)(F)F)[N+](=O)[O-])O	L6J AKW BVQ EXFFF
C(=O)(c1c(ccc(c1)C(F)(F)F)F)O	L6J AF BVQ DXFFF
C(=O)(c1ccc(cc1)C(O)(c1ccccc1)c1ccccc1)O	L6J BVQ EX- BL6J&- BL6J&Q
C(=O)c1ccccc1OC(F)(F)F	L6J BV COXFFF
C(=NO)c1c(ccc(c1)CCCCCCCCCCCC)O	L6J AQ B1UNQ D12
C(=O)c1ccc(cc1)N1CCCCC1	L6J BV E- BL6 BNTJ
C(=O)(c1ccc(cc1)C=C)OC	L6J BVO1 E1U1
C(=O)(c1c(c(ccc1)C(F)(F)F)F)O	L6J AF BVQ FXFFF
C(=O)(c1c(cccc1)N)OC(C)(C)C	L6J AZ BVOX1&1&1
C(=O)c1ccc(cc1)I	L6J BV EI
c1(ccc(cc1)Oc1ccc(cc1)F)O	L6J BQ EO- BL6J EF
C(=O)(Nc1ccc(cc1)Br)OC(C)(C)C	L6J BMVOX1&1&1 EE
C(c1ccc(cc1)CO)(OC)OC	L6J BYO1&O1 E1Q
C(=NNS(=O)(=O)c1ccc(cc1)C)c1ccccc1	L6J BSWMNU1- BL6J& E1
C(=O)(c1cc(cc(c1)C(F)(F)F)F)O	L6J BVQ DXFFF FF
C(=O)(c1ccc(cc1)P(c1ccccc1)c1ccccc1)O	L6J BVQ EP- BL6J&- BL6J
c1(ccc(cc1)Oc1ccc(N)cc1)c1ccc(cc1)Oc1ccc(N)cc1	L6J B- BL6J EO- BL6J EZ&& EO- BL6J EZ
Nc1c(cccc1)N1CCOCC1	L6J A- BL6 BN EOTJ& BZ
C(=O)(c1cc(c(cc1)CBr)[N+](=O)[O-])O	L6J BVQ E1E FKW
Nc1c(c(c(cc1)F)F)F	L6J AF BZ EF FF
c1(c(cc(cc1F)F)F)O	L6J AF BQ CF EF
C(=O)(c1cc(ccc1)C=C)O	L6J BVQ F1U1
Nc1c(cccc1)c1sc2c(n1)cccc2	L56 BS DNJ C- AL6J BZ
C(=O)c1ccc(cc1)N(CCCC)CCCC	L6J BV EN4&4
Nc1c(cc(cc1)OC(F)(F)F)Cl	L6J AG BZ EOXFFF
N(c1c(C(=O)O)cccc1)c1c(C(=O)O)cccc1	L6J AVQ BM- BL6J AVQ
C(=O)c1cc(ccc1)OC(F)(F)F	L6J BV FOXFFF
c1(ccc(c(c1)O)Cl)C(F)(F)F	L6J BXFFF DQ EG
c1(ccc(cc1)C(C)(C)c1ccc(N)cc1)C(C)(C)c1ccc(N)cc1	L6J BX- BL6J EZ&1&1 EX- BL6J EZ&1&1
Nc1ccc(cc1)Oc1ccc(cc1)F	L6J BZ EO- BL6J EF
C(=O)(c1c(cc(cc1)[N+](=O)[O-])C(F)(F)F)O	L6J AXFFF BVQ EKW
C(=O)c1c(cccc1)P(c1ccccc1)c1ccccc1	L6J AP- BL6J&- BL6J& BV
C(=O)(c1c(cccc1)C(=O)c1c(cc(cc1)N(CCCC)CCCC)O)O	L6J AV- BL6J AQ EN4&4& BVQ
C(=O)(c1c(ccc(c1)Cl)C)O	L6J A1 BVQ DG
C(=O)(c1cc(ccc1)OCc1ccccc1)O	L6J BVQ FO1- BL6J
Nc1c(c(ccc1)C(F)(F)F)F	L6J AF BZ FXFFF
C(=O)(c1c(cc(cc1)C(F)(F)F)F)O	L6J AF BVQ EXFFF
N(c1c(cccc1C(C)C)C(C)C)(C)C	L6J AY1&1 BN1&1 CY1&1
C(=O)c1ccc(cc1)c1ncccc1	L6J BV E- BL6NJ
C(=O)c1ccc(cc1)N(CCO)CCO	L6J BV EN2Q2Q
C(=O)(c1cc(ccc1)CCl)O	L6J BVQ F1G
N(c1ccc(cc1)C#C)(C)C	L6J BN1&1 E1UU1
C(=O)c1cc(ccc1)C=C	L6J BV F1U1
Nc1c(cccc1)OCc1ccccc1	L6J AO1- BL6J& BZ
C(=O)c1cc(cc(c1)C(F)(F)F)C(F)(F)F	L6J BV DXFFF FXFFF
C(=O)c1ccc(cc1)N(c1ccccc1)c1ccccc1	L6J BV EN- BL6J&- BL6J
C(=O)(c1ccccc1CC)O	L6J BVQ C2
C(=O)(c1ccc(cc1)CO)O	L6J BVQ E1Q
c1cc(c(c(c1)O)F)F	L6J DQ EF FF
C(=O)c1ccc(cc1)N(CCOC(=O)C)CCOC(=O)C	L6J BV EN2OV1&2OV1
C(=O)(c1ccc(cc1)NCCCC)O	L6J BVQ EM4
C(=O)(c1c(c(ccc1)F)F)O	L6J AF BVQ FF
Nc1ccc(cc1)N=[N+]=[N-].Cl	L6J BZ ENUKUM &GH &0/13
C(=O)(c1cc(c(cc1)[N+](=O)[O-])C(F)(F)F)O	L6J BVQ EKW FXFFF
C(=O)c1ccc(cc1)N(CCO)C	L6J BV EN1&2Q
C(=O)c1ccc(cc1)n1cncc1	L5 BN ENJ B- EL6J BV
C(=O)c1ccccc1C#N	L6J BV C1UUN
C(=O)(c1cc(cc(c1)Br)Br)O	L6J BVQ DE FE
Nc1cc(ccc1)OC(C)C	L6J BZ FOY1&1
Nc1c(cccc1)C#C	L6J A1UU1 BZ
C(=NN=Cc1cc(c(cc1)O)OC)c1cc(c(cc1)O)OC	L6J B1UNNU1- BL6J EQ FO1& EQ FO1
C1(c2ccccc2-c2ccccc12)(c1ccc(N)cc1)c1ccc(N)cc1	L B656 GU- B AU- I &T&J H- BL6J EZ& H- BL6J EZ
c1(c(F)cccc1)S	L6J AF BSH
C(=O)(c1cc(ccc1)OC(=O)C)O	L6J BVQ FOV1
N(c1ccc(cc1)Br)([Si](C)(C)C)[Si](C)(C)C	L6J BN-SI-1&1&1&&-SI-1&1&1 EE
Nc1ccc(cc1)C#C	L6J BZ E1UU1
Nc1ccc(cc1)C(C(C(C(C(C(C(C(F)(F)F)(F)F)(F)F)(F)F)(F)F)(F)F)(F)F)(F)F	L6J BZ EXFFXFFXFFXFFXFFXFFXFFXFFF
Nc1c(ccc(c1)C(F)(F)F)C(F)(F)F	L6J AXFFF BZ DXFFF
Nc1ccc(cc1)B1OC(C(O1)(C)C)(C)C	L5OBOTJ B- EL6J BZ& D1 D1 E1 E1
C(=O)(c1cc(c(cc1)Br)Cl)O	L6J BVQ EE FG
C(=O)(c1ccccc1)Oc1c(c(c(c(c1F)F)F)F)F	L6J BVO- BL6J AF CF DF EF FF
Nc1c(cc(cc1)OC(F)(F)F)Br	L6J AE BZ EOXFFF
Nc1ccc(cc1)CCCCCCCCCCCCCC	L6J BZ E14
C(=O)(c1ccc(cc1)CCN)O.Cl	L6J BVQ E2Z &GH
C(=O)(c1c(ccc(c1)SC)Cl)O	L6J AG BVQ DS1
Nc1c(cccc1)CN	L6J A1Z BZ
C(=O)(c1ccc(cc1)N)OC(C)(C)C	L6J BVOX1&1&1 EZ
C(=NO)/c1ccccc1	L6J B1UNQ
C(=O)(c1ccc(cc1)OC(C(F)F)(F)F)O	L6J BVQ EOXFFYFF
[Na+].N(c1cc(cc(c1)OC)OC)(CC(CS(=O)(=O)[O-])O)CC	L6J BN2&1YQ1SWO DO1 FO1 &-NA- &27/0 &0/15
C(=O)(c1cccc(c1F)N)OC	L6J BVO1 CF DZ
C(=O)(c1ccc(cc1)C(F)F)O	L6J BVQ EYFF
C(=O)(c1cc(cc(c1)C(F)(F)F)OC)O	L6J BVQ DXFFF FO1
C(=O)(c1cc(cc(c1)C(F)(F)F)Cl)O	L6J BVQ DXFFF FG
C(=O)(c1ccc(cc1)OCc1cc(c(cc1)Cl)Cl)O	L6J BVQ EO1- BL6J EG FG
C(=O)(c1cc(ccc1)C(C)C)O	L6J BVQ FY1&1
C(=O)(c1cc(ccc1)c1ncccn1)O	L6J BVQ F- BL6N CNJ
C(=O)(c1ccc(cc1)C(=O)C(F)(F)F)O	L6J BVQ EVXFFF
C(=O)(c1cc(ccc1)C(=O)C)O	L6J BVQ FV1
C(=O)(c1cc(ccc1)SC(F)F)O	L6J BVQ FSYFF
C(=O)(c1c(ccc(c1)C(F)(F)F)OC)O	L6J AO1 BVQ DXFFF
C(=O)(c1c(ccc(c1)OCC(F)(F)F)OCC(F)(F)F)NN	L6J AO1XFFF BVMZ DO1XFFF
C(=O)(c1c(cc(cc1)S(=O)(=O)C)Cl)O	L6J AG BVQ ESW1
C(=O)(c1ccc(cc1)CC)NN	L6J BVMZ E2
C(=O)(c1c(c(cc(c1)F)F)F)O	L6J AF BVQ DF FF
C(=O)(c1c(cccc1)c1nc(sc1)C)O	L5N DSJ B- AL6J BVQ& E1
C(=O)(c1c(ccc(c1)C(F)(F)F)Cl)O	L6J AG BVQ DXFFF
C(=O)(c1cc(ccc1)S(=O)(=O)N1CCCCC1)O	L6J BVQ FSW- BL6 BNTJ
C(=O)(c1cc(ccc1)N1CCCC1)O	L5 BNTJ B- FL6J BVQ
C(=O)(c1cc(ccc1)n1cccc1)O	L5 BNJ B- FL6J BVQ
C(=O)(c1c(c(ccc1)C(F)(F)F)C)O	L6J A1 BVQ FXFFF
C(=O)(c1cc(ccc1)C(=O)CBr)O	L6J BVQ FV1E
C(=O)(c1c(cccc1)C(F)(F)F)NN	L6J AXFFF BVMZ
C(=O)(c1ccc(cc1)c1[nH]nnn1)O	L5M CNNNJ B- EL6J BVQ
C(=O)(c1cc(ccc1)C(=O)OC(C)(C)C)O	L6J BVQ FVOX1&1&1
C(=O)(c1c(cccc1)C(=O)N1CCNCC1)O	L6J AV- BL6 BN EMTJ& BVQ
C(=O)(c1c(cccc1)SC)O	L6J AS1 BVQ
C(=O)(c1c(c(ccc1)[N+](=O)[O-])NCCN)O	L6J AM2Z BVQ FKW
C(=O)(c1c(ccc(c1)[N+](=O)[O-])NC(=O)C)O	L6J AMV1 BVQ DKW
C(=O)(c1cc(ccc1)S(=O)(=O)NC)O	L6J BVQ FSWM1
C(=O)(c1ccc(cc1)c1occc1)O	L5OJ B- EL6J BVQ
C(=O)(c1cc(cc(c1)OC(=O)C)OC(=O)C)O	L6J BVQ DOV1 FOV1
C(=O)(c1c(cc(cc1)O)C(F)(F)F)O	L6J AXFFF BVQ EQ
C(=O)(c1c(cccc1C(F)(F)F)N)O	L6J AZ BVQ CXFFF
C(=O)(c1cc(cc(c1)C(F)(F)F)[N+](=O)[O-])O	L6J BVQ DXFFF FKW
C(=O)(c1c(cccc1)c1c([nH]nc1C)C)O	L5 DNMJ A1 B- AL6J BVQ& C1
C(=O)(c1cc(cc(c1)C(F)(F)F)Br)O	L6J BVQ DXFFF FE
C(=O)(c1cc(cc(c1)C(F)(F)F)O)O	L6J BVQ DXFFF FQ
C(=O)(c1c(ccc(c1)Cl)n1nnnc1)O	L5NN DNNJ B- AL6J BVQ DG
C(=O)(O)c1ccc(cc1)c1ccncc1	L6J BVQ E- BL6 ENJ
C(=O)(c1cc(c(cc1)CC(=O)O)[N+](=O)[O-])O	L6J BVQ E1VQ FKW
C(=O)(c1cc(ccc1)c1cnccc1)O	L6J BVQ F- BL6 FNJ
C(=O)(c1cc(ccc1)OC(F)F)O	L6J BVQ FOYFF
C(=O)(c1cc(cc(c1)OC(F)(F)F)Br)O	L6J BVQ DOXFFF FE
C(=O)(c1c(c(ccc1)N)NCCN)O	L6J AM2Z BVQ FZ
C(=O)(c1cc(c(cc1)N)C(F)(F)F)O	L6J BVQ EZ FXFFF
C(=O)(c1cc(ccc1)c1nc2c([nH]1)cccc2)O	L56 BN DMJ C- FL6J BVQ
C(=O)(c1cc(ccc1)NN)O	L6J BVQ FMZ
C(=O)(c1c(cc(cc1)S(=O)(=O)C)N)O	L6J AZ BVQ ESW1
C(=O)(c1c(c(ccc1)C(F)(F)F)Cl)O	L6J AG BVQ FXFFF
C(=O)(c1ccc(cc1)OCc1cc(ccc1)F)O	L6J BVQ EO1- BL6J FF
C(=O)(c1c(cccc1)N1CCOCC1)O	L6J A- BL6 BN EOTJ& BVQ
C(=O)(c1c(ccc(c1)C(F)(F)F)C(F)(F)F)O	L6J AXFFF BVQ DXFFF
C(=O)(c1cc(cc(c1)OC(F)(F)F)Cl)O	L6J BVQ DOXFFF FG
C(=O)(c1c(ccc(c1)OC(F)(F)F)Br)O	L6J AE BVQ DOXFFF
C(=O)(c1c(cccc1)c1onc(n1)C)O	L5O CN ENJ B- AL6J BVQ& D1
C(=O)(c1c(cccc1)n1c(ccc1C)C)O	L5 BNJ A1 B- AL6J BVQ& C1
C(=O)(c1c(cccc1)N1CCN(CC1)C)O	L6J A- BL6 BN ENTJ E1& BVQ
C(=O)(c1cc(ccc1)c1n[nH]cc1)O	L5N EMJ B- FL6J BVQ
C(=O)(c1ccc(cc1)c1onc(n1)C)O	L5O CN ENJ B- EL6J BVQ& D1
C(=O)(c1cc(ccc1)C(C)(C)C)O	L6J BVQ FX1&1&1
C(=O)(c1c(ccc(c1)S(=O)(=O)C)Cl)O	L6J AG BVQ DSW1
C(=O)(c1c(c(ccc1)N)Nc1cc(cc(c1)C)C)O	L6J AM- BL6J D1 F1& BVQ FZ
C(=O)(c1c(c(ccc1)N)Nc1c(cccc1)Cl)O	L6J AM- BL6J AG& BVQ FZ
C(=O)(c1c(c(ccc1)N)Nc1c(cccc1)c1ccccc1)O	L6J AM- BL6J A- BL6J&& BVQ FZ
C(=O)(c1cc(c(cc1)OC(F)(F)F)F)O	L6J BVQ EOXFFF FF
C(=O)(c1ccc(cc1)N1CCN(CC1)C)O	L6J BVQ E- BL6 BN ENTJ E1
C(=O)(c1cc(c(cc1)F)OC(F)(F)F)O	L6J BVQ EF FOXFFF
C(=O)(c1c(cc(cc1)C(=O)OC)N)O	L6J AZ BVQ EVO1
C(=O)(c1c(ccc(c1)C(F)(F)F)N)O	L6J AZ BVQ DXFFF
C(=O)(c1ccc(cc1)n1nc(cc1C)C)O	L5NNJ B- EL6J BVQ& C1 E1
C(=O)(c1c(cccc1)SC(F)F)O	L6J ASYFF BVQ
C(=O)(c1c(ccc(c1)C(F)(F)F)O)O	L6J AQ BVQ DXFFF
C(=O)(c1cc(ccc1)N1CCCCC1)O	L6J BVQ F- BL6 BNTJ
C(=O)(c1ccc(cc1)NCC)O	L6J BVQ EM2
C(=O)(c1cc(cc(c1)Cl)Br)O	L6J BVQ DG FE
C(=O)(c1cc(ccc1)c1ccncc1)O	L6J BVQ F- BL6 ENJ
C(=O)(c1c(cccc1)n1nccc1)O	L5NNJ B- AL6J BVQ
C(=O)(c1cc(ccc1)c1ocnc1)O	L5O DNJ B- FL6J BVQ
C(=O)(c1cc(ccc1)n1nccc1)O	L5NNJ B- FL6J BVQ
C(=O)(c1c(cc(cc1)N)C(F)(F)F)O	L6J AXFFF BVQ EZ
C(=O)(c1ccc(cc1)N1CCCCC1)O	L6J BVQ E- BL6 BNTJ
C(=O)(c1c(cccc1)OCCN(C)C)O	L6J AO2N1&1 BVQ
C(=O)(c1ccc(cc1)c1nc[nH]c1)O	L5N DMJ B- EL6J BVQ
C(=O)(c1c(cccc1)c1cnccc1)O	L6J A- BL6 FNJ& BVQ
C(=O)(c1ccc(cc1)n1c(ccc1C)C)O	L5 BNJ A1 B- EL6J BVQ& C1
C(=O)(c1ccc(cc1)N1CCN(CC1)C(=O)OC(C)(C)C)O	L6J BVQ E- BL6 BN ENTJ EVOX1&1&1
C(=O)(c1c(cccc1)CBr)O	L6J A1E BVQ
C(=O)(c1ccc(cc1)NS(=O)(=O)C)O	L6J BVQ EMSW1
C(=O)(c1cc(ccc1)OC(C(F)F)(F)F)O	L6J BVQ FOXFFYFF
C(=O)(c1cc(ccc1)n1cncc1)O	L5 BN ENJ B- FL6J BVQ
C(=O)(c1ccccc1CCl)O	L6J BVQ C1G
O=C(O)c1c(O)ccc(S(=O)(=O)Cl)c1	L6J AQ BVQ DSWG
C(=O)(c1c(cc(cc1)CO)F)O	L6J AF BVQ E1Q
C(=O)(c1cc(ccc1)NS(=O)(=O)C)O	L6J BVQ FMSW1
C(=O)(c1c(cccc1)OC(F)F)O	L6J AOYFF BVQ
C(=O)(c1ccc(cc1)F)N(N)C	L6J BVN1&Z EF
C(=O)(c1ccc(cc1)NC(=O)N(C)C)O	L6J BVQ EMVN1&1
C(=O)(c1ccc(cc1)c1noc(n1)C)O	L5N CN EOJ B- EL6J BVQ& D1
C(=O)(c1c(cc(cc1)c1c2cc[nH]c2ccc1)N)O	L65 GMJ B- EL6J AZ BVQ
C(=O)(c1c(cc(cc1)Br)S(=O)(=O)C)O	L6J ASW1 BVQ EE
C(=O)(c1c(cccc1)NCc1ccc(cc1)Cl)O	L6J AM1- BL6J EG& BVQ
C(=O)(c1cc(c(cc1)OC)OC1CCCC1)O	L5TJ BO- FL6J BVQ EO1
C(=O)(c1ccc(cc1)CN1CCCC1)O	L5 BNTJ B1- EL6J BVQ
c1(oc(cc1)C)c1c(C(=O)O)cccc1	L5OJ B- BL6J AVQ& E1
C(=O)(c1c(cc(cc1)[N+](=O)[O-])[N+](=O)[O-])O	L6J AKW BVQ EKW
C(=O)(c1ccc(cc1)Cn1nccc1)O	L5NNJ B1- EL6J BVQ
C(=O)(c1cc(c(cc1)F)S(=O)(=O)C)O	L6J BVQ EF FSW1
C(=O)(c1cc(c(cc1)OC(F)(F)F)Cl)O	L6J BVQ EOXFFF FG
C(=O)(c1c(cccc1)C(=O)c1cn(c(c1)C(=O)OCC)C)O	L5 ENJ BV- AL6J BVQ& DVO2 E1
C(=O)(c1c(cccc1C(F)(F)F)OC)O	L6J AO1 BVQ CXFFF
C(=O)(c1cc(c(cc1)C(F)(F)F)N)O	L6J BVQ EXFFF FZ
C(=O)(c1c(cc(cc1)C)C(F)(F)F)O	L6J AXFFF BVQ E1
C(=O)(c1c(ccc(c1)C(F)(F)F)C)O	L6J A1 BVQ DXFFF
C(=O)(c1c(c(cc(c1)C(F)(F)F)Cl)F)O	L6J AF BVQ DXFFF FG
C(=O)(c1c(cc(cc1)OC)C(F)(F)F)O	L6J AXFFF BVQ EO1
C(=O)(c1cc(c(cc1)C(F)(F)F)C(F)(F)F)O	L6J BVQ EXFFF FXFFF
C(=O)(c1c(cccc1)c1ccncc1)O	L6J A- BL6 ENJ& BVQ
C(=O)(c1cc(ccc1)C#CCO)O	L6J BVQ F1UU2Q
C(=O)(c1ccc(cc1)Oc1c(cccc1)OC)O	L6J BVQ EO- BL6J AO1
c1(c(n2cccc2)cccc1)C(=O)O	L5 BNJ B- AL6J BVQ
C(=O)(c1c(cccc1)C(=O)c1ccc(cc1)OC)O	L6J AV- BL6J EO1& BVQ
C(=O)(c1c(c(ccc1)N)Nc1ccc(cc1)C)O	L6J AM- BL6J E1& BVQ FZ
C(=O)(c1c(c(ccc1)N)Nc1ccccc1)O	L6J AM- BL6J& BVQ FZ
C(=O)(c1cc(c(cc1)C(F)(F)F)[N+](=O)[O-])O	L6J BVQ EXFFF FKW
C(=O)(c1cc(cc(c1)C(F)(F)F)C)O	L6J BVQ DXFFF F1
C(=O)(c1c(cc(cc1)F)F)NN	L6J AF BVMZ EF
C(=O)(c1c(cccc1)OC(C(F)F)(F)F)O	L6J AOXFFYFF BVQ
C(=O)(c1cc(ccc1)c1cn[nH]c1)O	L5 DMNJ B- FL6J BVQ
C(=O)(c1c(cccc1)n1nc(cc1C)C)O	L5NNJ B- AL6J BVQ& C1 E1
C(=O)(c1cc(c(cc1)N1CCCCC1)[N+](=O)[O-])O	L6J BVQ E- BL6 BNTJ& FKW
C(=O)(c1ccc(cc1)n1c(ccc1C)C)NN	L5 BNJ A1 B- EL6J BVMZ& C1
C(=O)(c1ccc(cc1)c1ocnc1)O	L5O DNJ B- EL6J BVQ
C(=O)(c1ccc(cc1)c1cccs1)O	L5 CSJ B- EL6J BVQ
C(=O)(c1cc(ccc1)c1cccs1)O	L5 CSJ B- FL6J BVQ
C(=O)(c1ccc(cc1)OCCC(C)C)O	L6J BVQ EO2Y1&1
C(=O)(c1ccc(cc1)c1nc(sc1)C)O	L5N DSJ B- EL6J BVQ& E1
C(=O)(c1cc(ccc1)c1nc(sc1)C)O	L5N DSJ B- FL6J BVQ& E1
C(=O)(c1cc(cc(c1)C(=O)OC)N)O	L6J BVQ DVO1 FZ
C(=O)(c1c(c(c(cc1)Br)OC(F)F)Br)O	L6J AE BVQ EE FOYFF
C(=O)(c1cc(ccc1)C(F)(F)F)NN	L6J BVMZ FXFFF
C(=O)(c1ccc(cc1)n1nc(cc1)C(F)(F)F)O	L5NNJ B- EL6J BVQ& EXFFF
C(=O)(c1cc(c(cc1)O)C(F)(F)F)O	L6J BVQ EQ FXFFF
C(=O)(c1cc(ccc1)N1CCOCC1)O	L6J BVQ F- BL6 BN EOTJ
C(=O)(c1cc(c(cc1)OC)C(F)(F)F)O	L6J BVQ EO1 FXFFF
C(=O)(c1c(c(c(cc1)C(F)(F)F)F)F)O	L6J AF BVQ EXFFF FF
C(=O)(c1cc(c(c(c1)C(F)(F)F)F)F)O	L6J BVQ DXFFF EF FF
C(=O)(c1cc(c(cc1)F)F)NN	L6J BVMZ EF FF
C(=O)(c1cc(c(cc1)S(=O)(=O)C)F)O	L6J BVQ ESW1 FF
C(=O)(c1c(c(ccc1C(F)(F)F)Cl)F)O	L6J AF BVQ CXFFF FG
C(=O)(c1ccc(cc1)c1nnsc1)O	L5N DSNJ B- EL6J BVQ
C(=O)(c1c(cccc1)SCC(=O)OCC)O	L6J AS1VO2 BVQ
C(=O)(c1c(cccc1)OC(F)(F)F)O	L6J AOXFFF BVQ
C(=O)(c1ccc(cc1)C(=O)OC(C)(C)C)O	L6J BVQ EVOX1&1&1
C(=O)(c1c(ccc(c1)OC(F)(F)F)[N+](=O)[O-])O	L6J AKW BVQ DOXFFF
C(=O)(c1c(cccc1)S(=O)C)O	L6J AS1&UO BVQ
C(=O)(c1cc(cc(c1)I)I)O	L6J BVQ DI FI
C(=O)(c1cc(cc(c1)C)C(=O)OC)O	L6J BVQ D1 FVO1
C(=O)(c1c(c(ccc1)Br)Cl)O	L6J AG BVQ FE
C(=O)(c1c(c(ccc1)Cl)F)O	L6J AF BVQ FG
C(=O)(c1cc(c(cc1)Br)C(F)(F)F)O	L6J BVQ EE FXFFF
C(=O)(c1ccc(cc1)n1ncnc1)O	L5NN DNJ B- EL6J BVQ
c1cc(ccc1C(=O)O)C(C(F)(F)F)(C(F)(F)F)O	L6J CVQ FXQXFFFXFFF
C(=O)(c1ccc(cc1)OC1CCN(CC1)C(=O)OC(C)(C)C)O	L6J BVQ EO- BL6 ENTJ EVOX1&1&1
C(=O)(c1ccccc1OC(F)(F)F)NN	L6J BVMZ COXFFF
C(=O)(c1c(cccc1)C(=O)c1cc(cc(c1)C(F)(F)F)C(F)(F)F)O	L6J AV- BL6J DXFFF FXFFF& BVQ
C(=O)(c1c(ccc(c1)OC)OCC(F)(F)F)O	L6J AO1XFFF BVQ DO1
C(=O)(c1ccc(cc1)OC(F)(F)F)NN	L6J BVMZ EOXFFF
C(=O)(c1cc(c(cc1)N)OC(F)(F)F)O	L6J BVQ EZ FOXFFF
C(=O)(c1cc(c(cc1)Br)OCc1ccccc1)O	L6J BVQ EE FO1- BL6J
C(=O)(c1cc(ccc1)Cn1nc(c(c1C)Br)C)O	L5NNJ B1- FL6J BVQ& C1 DE E1
C(=O)(c1cc(c(cc1)Cl)C(F)(F)F)O	L6J BVQ EG FXFFF
C(=O)(c1c(cccc1)NC(CC(C)c1ccccc1)O)OC	L6J AMYQ1Y- BL6J&1 BVO1
[Na+].Nc1c(cc(cc1S(=O)(=O)[O-])[N+](=O)[O-])[N+](=O)[O-]	L6J AKW BZ CSWO EKW &-NA- &23/0 &0/15
Nc1c(cc(cc1)OC(F)(F)F)[N+](=O)[O-]	L6J AKW BZ EOXFFF
c1(cc(cc(c1F)O)F)F	L6J BF CF DQ FF
C(=O)(c1c(ccc(c1)SC)O)O	L6J AQ BVQ DS1
C(=O)(c1ccc(cc1)CC(C)C)O	L6J BVQ E1Y1&1
C(=O)(c1ccc(cc1)NCc1nc(c(nc1)N)C#N)O	L6J BVQ EM1- BL6N DNJ EZ F1UUN
C(=O)(c1c(cccc1)I)NN	L6J AI BVMZ
C(=O)(c1c(cccc1)C(=O)c1c(ccc(c1)F)F)O	L6J AV- BL6J AF DF& BVQ
C(=O)(c1c(c(ccc1)OC)OCC(=O)O)O	L6J AO1VQ BVQ FO1
c1ccc2c(c1)nnn2Cc1ccc(cc1)N	L65 GNNNJ I1- BL6J EZ
[Na+].C(=O)(c1ccc(cc1)NCc1nc2c(nc(nc2nc1)N)N)[O-].O	L6J BYW EM1- CT66 BN EN GN INJ HZ JZ &-NA- &QH &40/0
C(=O)(c1ccc(cc1)OCCCCCO)O	L6J BVQ EO5Q
c1(c(cccc1)N)OCCCCCCCCCC	L6J AZ BO10
C(=O)(c1cc(ccc1)OCCCCCCCCCC)O	L6J BVQ FO10
C(=O)(c1c(cccc1)C1c2ccc(cc2Oc2cc(ccc12)OC)O)O	L6J A- BL C666 IO AU- J HU- C &T&J FO1 LQ& BVQ
Nc1c(cccc1C(=O)CCl)Cl	L6J AG BZ CV1G
Nc1c(cc(cc1c1ccccc1)c1ccccc1)c1ccccc1	L6J A- BL6J& BZ C- BL6J& E- BL6J
[Si](N([Si](C)(C)C)c1cc(Cl)ccc1)(C)(C)C	L6J BN-SI-1&1&1&&-SI-1&1&1 FG
C(=O)(c1c(cc(c(c1)Cl)Cl)Cl)O	L6J AG BVQ DG EG
C(=O)(c1ccc(c(c1)S(=O)(=O)N(CCC)CCC)Cl)O	L6J BVQ DSWN3&3 EG
S(c1cc(N)c(cc1)[N+](=O)[O-])CCC	L6J BS3 EKW FZ
c1(c(cc(cc1OC)CNc1cc(c(c(c1)OC)OC)OC)OC)OC	L6J AO1 BO1 CO1 E1M- BL6J DO1 EO1 FO1
Nc1c(cccc1)O[Si](C(C)C)(C(C)C)C(C)C	L6J AO-SI-Y1&1&Y1&1&Y1&1 BZ
C(=O)(c1c(cccc1)S)NC	L6J ASH BVM1
c1(c(c(cc(c1Cl)Cc1cc(c(c(c1Cl)CC)N)CC)CC)N)CC	L6J AZ B2 CG D1- BL6J CG D2 EZ F2& F2
C1(CCCC1)(C(=O)O)CN.Cl	L5TJ BVQ B1Z &GH
C(=O)(NC1CC(=C)C1)OC(C)(C)C	L4TJ BMVOX1&1&1 DU1
C(=O)(c1cc(nc(c1)N)Cl)O	L6 ENJ BVQ DZ FG
[Si](c1ccc(cc1)C=C)(OC)(OC)OC	L6J B-SI-O1&O1&O1 E1U1
C(c1ccc(cc1)OC(=O)C)O	L6J B1Q EOV1
Nc1c(cccc1)C(C)CC(C)C	L6J AY1Y1&1&1 BZ
Nc1ccc(cc1)C(CC)C.Nc1ccccc1C(CC)C	L6J BZ EY1&2 &L6J BZ CY1&2
C(=O)(c1c(cc(cc1)C(F)(F)F)O)O	L6J AQ BVQ EXFFF
Cc1c(N[C@@H](C)COC)c(CC)ccc1	L6J AMY1O1&1 B1 F2
n1(nc(c(c1)C)C#C)C	L5NNJ B1 D1 E1UU1
C(C(C)N(CC)CC)O	1YN2&2&1Q
CC(CCC(F)(F)F)O	1YQ2XFFF
c1c(ccc(n1)N1C(=O)CCC1=O)S(=O)(=O)Cl	L5VNVTJ B- DL6 CNJ ASWG
C1(CC1)(N)c1ncc[nH]1.Cl.Cl	L3TJ BZ B- BL5N CMJ &GH &GH
C(=O)(CBr)NCCN.Br	OUYM2Z1E &EH
C(=O)(C(C(=O)O)CCCC#Cc1ccccc1)O	L6J B1UU4YVQVQ
c1(c(c(c(cc1)F)F)C(=O)O)C(=O)O	L6J AVQ BVQ EF FF
C(C)(O)C1NCC1.Cl	L4MTJ BYQ1 &GH
C(=O)(c1c(c(ccc1Br)Cl)F)O	L6J AF BVQ CE FG
C(=O)(C(C)c1c(ccc(c1)Br)F)O	L6J AF BY1&VQ DE
C12(C(C(C1)(C2)C(=O)O)(F)F)C(=O)O	L44 ATJ BVQ CF CF DVQ
C(=O)c1c(cc(cc1)Cl)I	L6J AI BV EG
C(=O)(NC(C)(C)C(=O)NN)OC(C)(C)C	OUYOX1&1&1&MXVMZ1&1
n1(nccc1O)C(C)(C)C	L5NNJ BX1&1&1 CQ
c1(c(c(ccc1Br)C)C)O	L6J A1 BQ CE F1
c1nc2c(c(n1)C(=O)O)scc2	T65 BN DN GSJ EVQ
o1c(c(cc1)B1OC(C(O1)(C)C)(C)C)C=O	L5 BOJ AV E- BL5OBOTJ D1 D1 E1 E1
c1c(c(c(cc1)N=C=O)C)N=C=O.c1cc(ccc1)N	L6J ANUV ENUV F1 &L6J FZ
C(=O)(c1c(cccc1)NC(=O)CC(=O)O)O	L6J AMV1VQ BVQ
C(=O)(c1c(cccc1)NC(=O)CC(=O)O)O	L6J AMV1VQ BVQ
C(=O)(c1c(cc(c(c1)OCCOC)OCCOC)N)OCC.Cl	L6J AZ BVO2 DO2O1 EO2O1 &GH
C(=O)(c1ccc(cc1)OCCCO)O	L6J BVQ EO3Q
C(=O)(c1ccc(cc1)O)OCCCCCCCC(C)C	L6J BVO7Y1&1 EQ
C(=O)(c1ccc(cc1)O)OCCCCCCCCCCCCCCCCCCCCCC	L6J BVO22 EQ
C(=O)(c1c(cccc1)NC(=O)C=Cc1ccc(cc1)O)O	L6J AMV1U1- BL6J EQ& BVQ
C(=O)(c1c(cc(c(c1)F)F)[N+](=O)[O-])O	L6J AKW BVQ DF EF
N12CC(C(CC1)CC2)(C(=O)OCC)O	T66 A B CNTJ EVO2 EQ
C(=O)(c1c(c(cc(c1)Cl)Br)F)O	L6J AF BVQ DG FE
C(=O)(C)NCCSSCCN.Cl.Cl	OUYM2SS2Z&&1 &GH &GH
N(N)c1c(cc(c(c1)F)F)OC.Cl	L6J AO1 BMZ DF EF &GH
c1(cc(c(nn1)C(F)(F)F)C)N	L6 CNNJ BZ EXFFF F1
C(C(=O)C)C1(CCCCC1)N.Cl	L6TJ B1V1 BZ &GH
c1(c(cc(cc1)OC)CC1CCNCC1)O.Cl	L6J A1- BL6 EMTJ& BQ EO1 &GH
c1(ccc(cc1)C(C)(C)n1nccc1)O	L5NNJ BX1&1&- EL6J BQ
C1(C(CC1)N=C=O)(C)C	L4TJ ANUV B1 B1
[Li+].[Li+].o1nc(c(c1)[O-])C(=O)[O-]	L5NOJ DO EYW &-LI- &-LI- &16/0 &22/0 &0/8
n1c(n(c(=O)c2c(cccc12)B1OC(C(O1)(C)C)(C)C)C)C	L5OBOTJ B- JT66 BVN ENJ C1 D1& D1 D1 E1 E1
C(=O)(Cn1nccc1c1cnc(c(c1)Br)Cl)OCC	L5NNJ B1VO2 C- BL6 FNJ DE EG
C(=O)(Cn1nccc1c1cncc(c1Cl)Br)OCC	L5NNJ B1VO2 C- BL6 FNJ CG DE
c1c(c(c(s1)C(F)F)Br)C(=O)OCC	L5 CSJ AVO2 DYFF EE
[K+].o1c(nnc1c1c(nn(c1)C)C(F)F)C(=O)[O-]	L5 BO DNNJ AYW C- BL5 DNNJ AYFF D1 &-KA- &38/0
c1(c(cc(cn1)C(F)(F)Cl)Cl)C(=O)O	L6 CNJ AG BVQ EXGFF
c1(cc(c(cc1)C1CCNCC1)O)O.Br	L6J BQ E- BL6 EMTJ& FQ &EH
C(=O)(c1cc(cc(c1)C(F)(F)C1CC1)Br)O	L3TJ BXFF- DL6J BVQ FE
