G2U1G	CHEMBL155926
VH1U2U2U2U3	CHEMBL503982
7U12U2UU1	CHEMBL500758
QSWMSWQ	CHEMBL1207990
Q2O2O2O2O2O2O2O2O2O2O2O2O2O2O2O2O2O2O2O2O2O2O2O2O2O12	CHEMBL503858
QSWO17	CHEMBL1207937
QV1MV10MV28S12	CHEMBL1206994
ZO4	CHEMBL6960
QV4U3U2U1V2U6	CHEMBL3310737
QV4U3U3U3U6	CHEMBL7594
Q2MV9UU2UU13	CHEMBL7864
QV1VQ	CHEMBL7942
Z3SSW1	CHEMBL3309328
QV8U9	CHEMBL8659
QV8U3U3U3	CHEMBL8739
VHM1	CHEMBL9240
VHM1	CHEMBL9081
1U1VO1	CHEMBL9019
VHM2	CHEMBL9421
6MVM1	CHEMBL11293
E	CHEMBL11685
Z3VQ	CHEMBL96
1VO1	CHEMBL14079
2OV1	CHEMBL14152
Q6	CHEMBL14085
QV1	CHEMBL539
Q4	CHEMBL14245
Z4	CHEMBL13968
QV3	CHEMBL14227
1V1	CHEMBL14253
QV2	CHEMBL14021
Z1VM1VM1VM1VM1VQ	CHEMBL14390
Z3	CHEMBL14409
Q5	CHEMBL14568
QV1G	CHEMBL14090
QV5	CHEMBL14184
Q2	CHEMBL545
Q3	CHEMBL14687
Q1	CHEMBL14688
Z2	CHEMBL14449
ZV4U3U3U3U6	CHEMBL15150
1O1O1	CHEMBL15537
6U3U3U3U4VM4	CHEMBL15566
9U8VM2	CHEMBL15509
WN2	CHEMBL15625
9U8VM2U1	CHEMBL15696
QV2VQ	CHEMBL576
Q2MV4U3U3U3U6	CHEMBL15848
2V1	CHEMBL15849
6U3U3U3U4VM1	CHEMBL15755
QV4U3U3U3U6	CHEMBL15594
9U8VM1	CHEMBL15926
ZVVQ	CHEMBL15976
1S1	CHEMBL15580
6H	CHEMBL15939
NC2	CHEMBL15871
6U3U3U3U4VM2	CHEMBL15873
5H	CHEMBL16102
ZV1	CHEMBL16081
G2G	CHEMBL16370
4UU1	CHEMBL16262
2O2	CHEMBL16264
3VO1	CHEMBL15859
NC1SWO2G	CHEMBL16673
2UU3U2U1S3VO1	CHEMBL16764
9U8VM3	CHEMBL16344
F2OSW2	CHEMBL16462
QV3S1U2U3U9	CHEMBL16979
E2OSW1	CHEMBL16990
G2MV1G	CHEMBL16693
12U2U1S3VO1	CHEMBL17067
F2OSW1	CHEMBL17071
G1SWO2F	CHEMBL17428
G2OSW1I	CHEMBL17267
Q12Q	CHEMBL17440
Z1V2VQ	CHEMBL601
G1SWO2	CHEMBL17309
9UU3U2U1S3VO1	CHEMBL17216
1H	CHEMBL17564
2M3M3M4M3M3M2	CHEMBL18083
VH7	CHEMBL18407
3M3M4M3M3	CHEMBL18111
2M12M2	CHEMBL18342
VH6	CHEMBL18104
2M4M3M2	CHEMBL18027
QV3V1U2U3U3U6	CHEMBL18028
2M3M4M3M2	CHEMBL18794
QVV1V9	CHEMBL18773
6V1	CHEMBL18549
Z1V2VQ	CHEMBL18851
VH4	CHEMBL18602
Z2SH	CHEMBL602
5V1	CHEMBL18893
G	CHEMBL19429
Z4M3Z	CHEMBL19612
1VMV1	CHEMBL18986
E1VMVM2	CHEMBL19522
ZVMV1E	CHEMBL19709
Z2M2M2Z	CHEMBL609
2V1U2U1V1	CHEMBL20573
ZVM2VQ	CHEMBL20962
12OSW1	CHEMBL23307
Q12	CHEMBL24722
Q9	CHEMBL24563
Q18	CHEMBL24640
9OSW1	CHEMBL24332
ZSWO8	CHEMBL24261
Q14	CHEMBL24022
ZSWO9	CHEMBL24343
Q13	CHEMBL24832
1SW1	CHEMBL25028
Q8	CHEMBL26215
1VO2SW1	CHEMBL25617
Q16	CHEMBL706
VH1UU1	CHEMBL722
Q15	CHEMBL26561
G1V2U7	CHEMBL27804
2M3M8M3M2	CHEMBL27909
VH1U1	CHEMBL721
1M3M3M1	CHEMBL29194
4M3M8M3M4	CHEMBL27912
Z3S3Z	CHEMBL29299
1M3M8M3M1	CHEMBL29226
Z3M3O3M3Z	CHEMBL28192
1U1U2M3M8M3M2U1U1	CHEMBL27964
Z3M8M3Z	CHEMBL28489
Z3M3Z	CHEMBL28743
Z8M3Z	CHEMBL28590
G1V2UU7	CHEMBL28987
Z3M8M3Z &Z4M3Z	CHEMBL28834
1M8M1	CHEMBL28936
Z4S3Z	CHEMBL28866
QMV1	CHEMBL734
Z3O3Z	CHEMBL29910
Z1VQ	CHEMBL773
Z7Z	CHEMBL28242
Z8Z	CHEMBL29392
Z2U1VQ	CHEMBL32307
12H	CHEMBL30959
Z3SW3Z	CHEMBL29640
Q3MV15	CHEMBL32174
1U4U1	CHEMBL31747
ZV15	CHEMBL32605
15VM2	CHEMBL32886
3M3M3M3	CHEMBL30952
15VM4	CHEMBL32319
15VM2U1	CHEMBL32650
15VMO1	CHEMBL33707
G3MV15	CHEMBL32433
Z4M4M3	CHEMBL33920
Z2U1VQ	CHEMBL33086
2M5M5M2	CHEMBL34420
G2MV15	CHEMBL33355
3M5M4M3	CHEMBL34855
E2MV15	CHEMBL33716
Z5M5Z	CHEMBL35633
Z4M4Z	CHEMBL36119
15VM1	CHEMBL36285
Z4M3M3	CHEMBL33912
3M4M4M3	CHEMBL33916
Z3M4M2	CHEMBL36145
15MV1OV1	CHEMBL34112
Z4M3M2	CHEMBL36610
2M4M4M2	CHEMBL35522
Z5M4Z	CHEMBL34476
Z2Z	CHEMBL816
G2MVS1VO2	CHEMBL37201
1M4M3M1	CHEMBL37490
1M4M4M1	CHEMBL37489
15VM3	CHEMBL35286
2M5M4M2	CHEMBL37864
1M5M4M1	CHEMBL37790
2M4M5M4M2	CHEMBL37795
1M5M5M1	CHEMBL37728
Z3M3M2	CHEMBL37901
2M5M4M5M2	CHEMBL38096
3M5M5M3	CHEMBL38200
Z3M3M3	CHEMBL37716
1SWO4OSW1	CHEMBL820
Q2SVM2G	CHEMBL39738
2M3M3M2	CHEMBL38250
E2OV1	CHEMBL42088
F5	CHEMBL42434
1VO2S1	CHEMBL42606
Z1	CHEMBL43280
VHO2	CHEMBL44215
WN2OV1	CHEMBL43605
VHM7	CHEMBL43719
QV6S10	CHEMBL44758
2VO2	CHEMBL44115
2M3M3M3M2	CHEMBL44083
QV7S9	CHEMBL45430
3V1	CHEMBL45345
VHM4	CHEMBL45466
3OV1	CHEMBL44857
3VO2	CHEMBL44800
NC1	CHEMBL45211
Q2M2M2Q	CHEMBL47248
G4	CHEMBL47259
QV17	CHEMBL46403
QV9S7	CHEMBL46569
Z4Z	CHEMBL46257
QV8S8	CHEMBL46427
2V2	CHEMBL45315
QV2O2I	CHEMBL47999
G1G	CHEMBL45967
G2	CHEMBL46058
QV1OVM1U2U1	CHEMBL46951
QVV1V1	CHEMBL46789
8V1	CHEMBL47127
4VO2	CHEMBL47483
E1	CHEMBL48339
5OV1	CHEMBL47769
4O4	CHEMBL48132
QV2VMQ	CHEMBL51979
2OV1U1	CHEMBL52084
ZVMZ	CHEMBL903
Z1VM1VM1VQ	CHEMBL54278
2OV1UU1	CHEMBL53384
G2M2M2G	CHEMBL54641
2M2M2	CHEMBL54723
QV11Q	CHEMBL55068
1VO1V1OV1	CHEMBL54319
2OVOVO2	CHEMBL55517
NCMV1	CHEMBL56672
Z18	CHEMBL55860
ZCN	CHEMBL56279
QV11MV1E	CHEMBL56445
QV6MV1E	CHEMBL57509
Z2U1	CHEMBL57286
QV7MV1E	CHEMBL58578
Z3M4M3MV17	CHEMBL59014
6U3U3U3U5O1	CHEMBL58019
Q3V8U3U6	CHEMBL59467
ZV1E	CHEMBL60628
QV10MV1E	CHEMBL60820
Z3M4M3MV15	CHEMBL58444
6U3U3U3U4MVM3	CHEMBL58281
6U3U3U3U5O2U1	CHEMBL58304
Q2OV4U3U3U3U6	CHEMBL58624
ZV1U2	CHEMBL58562
1VM2VM2MV1	CHEMBL59061
Z2SS2Z	CHEMBL61350
6U3U3U3U4MVM2O1	CHEMBL61450
F2O5U3U3U3U6	CHEMBL60403
Z4MV3Z &GH &GH	CHEMBL60421
1U2M4M1	CHEMBL60417
Z3VM4MV3Z &GH &GH	CHEMBL61721
QV1E	CHEMBL60851
6U3U3U3U4MVM2	CHEMBL59934
Z4M2U1U1	CHEMBL59622
1M4M2UU1	CHEMBL59623
Z3VM4MV1 &GH	CHEMBL59874
F2OVM4U3U3U3U6	CHEMBL61341
6U3U3U3U5O2	CHEMBL61184
Q2MVM4U3U3U3U6	CHEMBL61115
6U3U3U3U5OVM3	CHEMBL61055
6U3U3U3U4MVO2	CHEMBL61407
Z3VM6MV3Z &GH &GH	CHEMBL61834
6U3U3U3U5O3	CHEMBL61768
Z4M2U1	CHEMBL61421
Z3VM2MV3Z &GH &GH	CHEMBL61851
F2MVM4U3U3U3U6	CHEMBL62040
1M4M1	CHEMBL61621
1VM2VM2MV2MV1	CHEMBL62151
Z3M4M3M3MV15	CHEMBL60935
ZVZ	CHEMBL985
ZSW1S8	CHEMBL66465
Z2M2M2M2M2Z	CHEMBL65184
ZV8U3U6	CHEMBL64122
ZV4U3U3U3U3U3	CHEMBL64128
ZSW1SW1O2O2O1	CHEMBL66129
Z1VM2SV2 &EH	CHEMBL67577
QV2MV1VMQ	CHEMBL66712
ZSWQ	CHEMBL68253
ZSW2	CHEMBL69291
Z3VM2SS2MV3Z &EH &EH	CHEMBL70251
Z2M2	CHEMBL70445
Z12Z	CHEMBL69590
Z3VM2SV1 &EH	CHEMBL70979
-LI- &G	CHEMBL69710
QQ	CHEMBL71595
ZV1M5	CHEMBL75838
Q1U1	CHEMBL76101
Z3M5VMQ	CHEMBL77840
Z3M10M3Z	CHEMBL78198
2M4M4M4M2	CHEMBL77101
12OV1MV11	CHEMBL76310
SH2VM1VQ	CHEMBL77677
Z3M4MV1	CHEMBL78630
Z1V1M8M1V1Z	CHEMBL79047
Z3M5VQ	CHEMBL79086
SH5VQ	CHEMBL78998
3M3M7M3M3	CHEMBL81075
1M3M3M3M1	CHEMBL79699
SH2VM2VQ	CHEMBL80304
Z3M9M3Z	CHEMBL80480
SH2V2VQ	CHEMBL80729
QV15	CHEMBL82293
Z3M3M3M2	CHEMBL81361
Z5VQ	CHEMBL1046
Z3M7M3Z	CHEMBL80874
1M1V1M7M1V1M1	CHEMBL81909
2M4M3M4M2	CHEMBL83336
2M3M7M3M2	CHEMBL81149
Z4M4M4M2	CHEMBL83536
Z4MV1	CHEMBL81241
1M4M4M4M1	CHEMBL81415
Z3M4M3M2	CHEMBL82888
SHCN	CHEMBL84336
4M3M4M3M4	CHEMBL84172
ZV6U11	CHEMBL85344
ZV8U7	CHEMBL86496
2M4M4M3M2	CHEMBL84121
ZV14U3	CHEMBL86447
ZV8U9	CHEMBL86554
Z4M4M4Z	CHEMBL88138
2M3M3M3M2UU1	CHEMBL86940
ZV1Z	CHEMBL86954
ZV12U9	CHEMBL89778
Q3M3M3M2	CHEMBL87095
ZV17	CHEMBL88311
QV10U2U1V5	CHEMBL88863
Z5M3Z	CHEMBL89035
ZV12U5	CHEMBL89209
QVVM2VQ	CHEMBL89063
ZV13	CHEMBL88158
ZV4U15	CHEMBL88092
ZV10U3U6	CHEMBL89329
ZV10U3U3U3	CHEMBL89499
ZV14U9	CHEMBL88279
ZVO7U9	CHEMBL89522
QV10UU2U7	CHEMBL89539
QV9UU2U7	CHEMBL88368
2OV2MVVO1	CHEMBL88383
ZV5U12	CHEMBL89893
ZVM7U9	CHEMBL89894
QV1MVVO1	CHEMBL89286
ZV11U6	CHEMBL90281
ZV12U7	CHEMBL90280
QVVM1VQ	CHEMBL90852
2M3M3M3M2UU1 &EH &EH &EH &EH	CHEMBL92122
Z3M3M3Z	CHEMBL91193
1OVVM1VO1	CHEMBL92309
1SWMV1MVVO1	CHEMBL91633
FSW6	CHEMBL96885
FSW16	CHEMBL94809
QV3MVV14	CHEMBL95190
QV3MVV6	CHEMBL99171
QMSW1	CHEMBL98328
FSW12	CHEMBL97038
14VVM9U9	CHEMBL99297
14VVM6	CHEMBL98666
ZVV13	CHEMBL98756
2M3M4M3M2 &EH &EH &EH &EH	CHEMBL101170
9U9MVV6	CHEMBL98667
Z8M8Z	CHEMBL102267
Z1VM1VM2SS2MV1MV1Z	CHEMBL102731
Z7M2	CHEMBL103880
Q2M1	CHEMBL104083
Q2MV8U3U3U6	CHEMBL105429
Z2Q	CHEMBL104943
Z1VM12	CHEMBL106041
Z3OM3Z	CHEMBL105749
ZZ	CHEMBL1237174
QV12	CHEMBL107874
QV10	CHEMBL108030
QV9	CHEMBL107498
Z1VM1VM12	CHEMBL107353
QV8	CHEMBL108436
Z2M12	CHEMBL108323
QV11	CHEMBL108766
-KA- &I	CHEMBL1141
Z14 &EH	CHEMBL110310
Z12	CHEMBL109904
Z10	CHEMBL109819
Z14	CHEMBL110011
Z20	CHEMBL110012
4MVO1UU2I	CHEMBL110410
8SWMSW1	CHEMBL110699
QV1SW8	CHEMBL111939
ZV2SW10	CHEMBL111865
QV13	CHEMBL111077
ZV1SW6	CHEMBL111814
ZV1SW8	CHEMBL111921
ZSWMSW8	CHEMBL112821
QV4VQ	CHEMBL1157
ZVMSW8	CHEMBL113375
F2MV4U3U3U3U5	CHEMBL113743
ZV1SW10	CHEMBL113797
ZV1SW1U8	CHEMBL113619
FSW5U3U3U3U6	CHEMBL112486
QV4VO3U3U8	CHEMBL115104
ZV1O10	CHEMBL114351
Q2O1VO3U3U9	CHEMBL114682
Z18 &EH	CHEMBL114402
Z12 &GH	CHEMBL113050
ZV1SW2O2O2	CHEMBL114190
F1F	CHEMBL115186
QV2S1	CHEMBL116212
SH1VQ	CHEMBL116455
1S2V1VO1	CHEMBL116151
QV4VO3U3U7	CHEMBL115308
QV4VO3U3U6	CHEMBL115309
MUCM	CHEMBL116583
ZV1SW7	CHEMBL114243
QV1U3	CHEMBL114492
Q2F	CHEMBL115586
Z3Q	CHEMBL115530
QV1U3	CHEMBL115668
ZV1SW12	CHEMBL115837
1I	CHEMBL115849
Q2U2	CHEMBL116709
1U1U1	CHEMBL116960
3U1	CHEMBL117210
2U1	CHEMBL117213
G1	CHEMBL117545
1U1	CHEMBL117822
VHQ	CHEMBL116736
2O1U1	CHEMBL116745
F1	CHEMBL116838
Q4S1	CHEMBL117865
QV4VO3U3U10	CHEMBL115723
2S2	CHEMBL117181
Q2M12	CHEMBL119327
2UU1	CHEMBL116902
Q2U2	CHEMBL118459
2UU2	CHEMBL119108
12M2O1	CHEMBL118990
1M2SWS2M1	CHEMBL120047
1O1	CHEMBL119178
14VVM5	CHEMBL120237
6SS6	CHEMBL120086
1M1	CHEMBL120433
Q2MV4U3U3U3U8	CHEMBL120935
Q2O2	CHEMBL119596
1S2VO1	CHEMBL119603
Q2M2Q	CHEMBL119604
9U9MVV5	CHEMBL119922
NC2S1	CHEMBL119837
Q2MV4U3U3U3U9	CHEMBL121203
QV3MV15	CHEMBL121209
Q2MV4U3U3U3U10	CHEMBL121490
Q2MV10U3U6	CHEMBL121316
Q2MV7U3U3U6	CHEMBL121229
1VM2SSW4SWS2MV1	CHEMBL121159
2M2	CHEMBL1189
Z3M3M3MV1	CHEMBL121239
Z3M4M3MV5	CHEMBL121343
4OV1SS1VO4	CHEMBL120738
14VVM3VO1	CHEMBL120898
1U2SSS2U1	CHEMBL123040
Z3M4M3MV1Z	CHEMBL123288
ZVQ	CHEMBL125278
ZV1MV1Z	CHEMBL126278
2M4M2UU2M4M2	CHEMBL128114
Z3M4M3MV6	CHEMBL128204
2M2U2M2U2M2U2M2	CHEMBL128344
9O3U7VMSW1	CHEMBL128510
2M2U2M4M2U2M2	CHEMBL128525
Z3M4M3MV8VM3M4M3Z	CHEMBL128701
ZMV1MV1MV1Z	CHEMBL129046
Z3M4M3MV3VM3M4M3Z	CHEMBL129653
ZMV1MV1Z	CHEMBL129797
QV7U3O9Q	CHEMBL129033
2M4M2U2M2U2M2	CHEMBL128765
Z6M2SS2M6Z	CHEMBL132133
Z3M4M3MV2VM3M4M3Z	CHEMBL131234
QV7U3O9	CHEMBL130737
2M4M2U2M4M2	CHEMBL131344
Z3M4M3MV1	CHEMBL131004
2M4M2U2M2U2M4M2	CHEMBL131642
Z3M4M3MV7VM3M4M3Z	CHEMBL132383
Z3M4M3MV4VM3M4M3Z	CHEMBL132113
QV2U3U6U6	CHEMBL132218
11H	CHEMBL132474
2M4M2U2M2U2M2U2M2	CHEMBL133445
2M4M4M4M2U2M2	CHEMBL133756
8H	CHEMBL134886
2M4M4M2U2M4M2	CHEMBL133869
4M4M4M4M4M2	CHEMBL134809
16H	CHEMBL134994
2M2U2M4M2U2M2U2M2	CHEMBL134431
2M2U2M2U2M2U2M2U2M2	CHEMBL133504
4H	CHEMBL134702
10H	CHEMBL134537
2M4M4M2U2M2U2M2	CHEMBL134384
7H	CHEMBL134658
2H	CHEMBL135626
ZMVMQ	CHEMBL134941
2M4M2U2M4M2U2M2	CHEMBL135120
5MVM5U7VMSW1	CHEMBL3322803
QV1O5U5MVM5	CHEMBL3322828
14H	CHEMBL135488
3H	CHEMBL135416
E2OV15	CHEMBL137527
13H	CHEMBL135694
Q4UU2UU2U2U7	CHEMBL138035
16OV1	CHEMBL137354
Z2M2M2M2Z	CHEMBL138297
G2OV15	CHEMBL137097
QV7VQ	CHEMBL1238
Q4UU2UU2U2U1V5	CHEMBL137923
QV1M5	CHEMBL139493
NC1M5	CHEMBL139751
16OV2	CHEMBL138543
NN	CHEMBL142438
Q4UU2UU1V1U8	CHEMBL141649
Z1V2VO2O2O2 &GH	CHEMBL141657
E	CHEMBL140812
Z1V2VO2O1 &GH	CHEMBL142977
2M3M2U2M3M2	CHEMBL142464
O1	CHEMBL1255
2M3M2UU2M3M2	CHEMBL142513
Z1V2VO2O2 &GH	CHEMBL141492
F	CHEMBL1248
2M3M2U2M3M2	CHEMBL143725
I	CHEMBL1249
QM1	CHEMBL144761
Z1V2VO2O2O2O2 &GH	CHEMBL145139
Q5MV4U3U3U3U6	CHEMBL145737
QVVQ	CHEMBL146755
QV1O2Q	CHEMBL147714
ZSWO2	CHEMBL149514
Z3SWQ	CHEMBL149082
G2MV4U3U3U3U6	CHEMBL151167
ZSWO1	CHEMBL150650
ZSWO4	CHEMBL150652
Q2VM5U3U3U3U6	CHEMBL150849
G3MV4U3U3U3U6	CHEMBL151864
G1OV6	CHEMBL152236
6U3U3U3U5MV1OV1	CHEMBL151717
Z4M3M3Z	CHEMBL151993
6SW1V1	CHEMBL152577
ZSWO14	CHEMBL152907
Z2VM2VQ	CHEMBL153975
ZSWO10	CHEMBL153094
6S1V1	CHEMBL153107
ZSWO12	CHEMBL153027
ZSWO16	CHEMBL152962
ZSWO3UU1	CHEMBL152967
QMVO2	CHEMBL153081
6O1V1	CHEMBL153556
SH6	CHEMBL153339
F1V8	CHEMBL153601
E5	CHEMBL155850
E1V1VO7	CHEMBL155928
E8	CHEMBL156047
G6	CHEMBL156095
G3E	CHEMBL156560
E2	CHEMBL156378
Z2VM1VQ	CHEMBL157332
E1V8U9	CHEMBL157736
F2OSW1SW1	CHEMBL157995
Q2MV5U3U3U3U3	CHEMBL158277
G8	CHEMBL158445
G1U1G	CHEMBL157026
8V1V1	CHEMBL157196
G3G	CHEMBL157427
Q2MV10U3U3U3	CHEMBL159221
G2E	CHEMBL160255
ZM2VQ	CHEMBL159205
ZM1	CHEMBL160520
QV3MV11	CHEMBL160859
E4	CHEMBL160949
Q2O2O2OV7U5MVM5	CHEMBL3322797
Q4MV4U3U3U3U6	CHEMBL160717
ZV1F	CHEMBL160811
Q2O2O2OV7U5MVVM4	CHEMBL3322798
Q2MV8U3U3U3	CHEMBL160313
QV1MV4U3U3U3U6	CHEMBL161343
G1SWO2E	CHEMBL161281
Q2MV10U9	CHEMBL160752
Q2MV3U3U3U3U3U3U3	CHEMBL161520
Q2MV4U3U3U3U3U3	CHEMBL161521
1U1SW1	CHEMBL163849
E2OSW1SW1	CHEMBL161737
2OSW1SW1	CHEMBL161738
1MM1	CHEMBL162921
2OSWO2	CHEMBL163100
1O2UU1	CHEMBL162694
1OSWO1	CHEMBL162150
G2MVM2G	CHEMBL1331
6U3U3U2U1V3VO1	CHEMBL165682
SH3VQ	CHEMBL1076479
QV12O1	CHEMBL167340
2OV1V1	CHEMBL169176
ZV2Q	CHEMBL170341
ZSWO3OSWZ	CHEMBL170809
ZSWM4	CHEMBL170015
VHV1	CHEMBL170721
QV17U1I	CHEMBL168666
ZV2G	CHEMBL171266
Q2MV17	CHEMBL171447
2VVO2	CHEMBL170142
ZSWO10OSWZ	CHEMBL171476
QVV2	CHEMBL171246
ZV1S1VZ	CHEMBL171496
VH1	CHEMBL170365
1U2S2U1	CHEMBL170458
Q4Q	CHEMBL171623
1SWO2OSW1	CHEMBL170630
ZV1O1	CHEMBL170742
5VVO2	CHEMBL171823
ZSWO2OSWZ	CHEMBL173740
ZV5Q	CHEMBL172228
QV1MV1MV1	CHEMBL174085
ZV3Q	CHEMBL174258
QV1MV1MV1MV1	CHEMBL174291
2OVV1	CHEMBL173373
G1V1VO1	CHEMBL173804
Z3M5V1	CHEMBL173782
QV17MVM2	CHEMBL3325571
Z6MV1G	CHEMBL174887
QV16U1I	CHEMBL174302
ZV4Q	CHEMBL174400
Z3Z	CHEMBL174324
Z3M1	CHEMBL174165
QV3SCN	CHEMBL175400
2U1SW1U2U2U1	CHEMBL175585
Z8MVO1	CHEMBL176764
Q4SCN	CHEMBL176782
NCS2CN	CHEMBL177036
Z8MV1	CHEMBL174669
1M3M1	CHEMBL174776
Z1V1Z	CHEMBL175201
3M4MV1	CHEMBL176530
Z4M3MV1	CHEMBL176800
2OV1VO2	CHEMBL177114
Z6MV1	CHEMBL177305
Q5SCN	CHEMBL176455
Z4MV3	CHEMBL177217
Z10MV1	CHEMBL177890
10SWMV1	CHEMBL178444
2OV2V1U1VO2	CHEMBL178492
QVV1E	CHEMBL177837
Z8MSW1	CHEMBL177777
Z5V1	CHEMBL176843
2U1V1U2U2U1	CHEMBL178037
QV4U3U3U3U3U3U3	CHEMBL179853
3U3U3U3U3U3U1V2VO1	CHEMBL180696
3U3U3U3U3U3U4VO1	CHEMBL180898
Q10OVM4	CHEMBL181435
4MVO5OVM4	CHEMBL181867
Q8OVM4	CHEMBL181445
QV16UU1	CHEMBL182310
QV2V1U3U3U3U3U3U3	CHEMBL180338
ZSWO16OSWZ	CHEMBL181753
Q12OVM4	CHEMBL182696
Q5OVM4	CHEMBL182596
Q16OVM4	CHEMBL184316
ZSWO6OSWZ	CHEMBL182276
ZSWO8OSWZ	CHEMBL182455
ZSWO7OSWZ	CHEMBL182440
QVV4VQ	CHEMBL185075
4MVO14OVM4	CHEMBL185164
Q2MV9U9	CHEMBL183985
Q14OVM4	CHEMBL183394
N1	CHEMBL183419
I	CHEMBL185537
F	CHEMBL1362
4MVO10OVM4	CHEMBL185000
4MVO12OVM4	CHEMBL184946
18VM3M3M4M3M3MV18	CHEMBL188388
WNO3	CHEMBL188554
QV1S14	CHEMBL187734
Z2OV4U3U3U3U6	CHEMBL187349
ZSW8	CHEMBL1076894
Z3M4M3M3MV16	CHEMBL189678
QV15MVM2	CHEMBL3325569
QV16MVM2	CHEMBL3325570
QV15MVM3	CHEMBL3325572
QV15MVM4	CHEMBL3325573
VH8U9	CHEMBL190707
Q2G	CHEMBL191244
QV15MV3	CHEMBL3325575
QV15OVM2	CHEMBL3325576
11VM3M3M4M3M3MV11	CHEMBL192406
FSW18	CHEMBL191481
Z3M4M3M3MV1	CHEMBL191829
Z3M4M3M3MV18	CHEMBL191610
14VM3M3M4M3M3MV14	CHEMBL192094
Z3M4M3M3MV9	CHEMBL192931
Q2VV1	CHEMBL193495
QMSWM10	CHEMBL193635
2VV1	CHEMBL192809
9VM3M3M4M3M3MV9	CHEMBL192736
1V1V1	CHEMBL191625
8VM3M3M4M3M3MV8	CHEMBL193060
Z7VOM7VQ	CHEMBL194410
4V1	CHEMBL195861
QMSWM12	CHEMBL195370
Z7VQ	CHEMBL196105
18SWM3M3M4M3M3MSW18	CHEMBL196566
ZSWMQ	CHEMBL195540
12OV5OVM5VO12	CHEMBL198817
Z2O2O1VOM2O2O1VQ	CHEMBL199155
4MSWM2VO1	CHEMBL199831
6U3U3U3U5MV2	CHEMBL199911
6U3U3U3U4MV3	CHEMBL201758
6U3U3U3U5MV3	CHEMBL201260
2M4M4M4M4M2U2M4M4M4M4M2	CHEMBL226102
Q2MOV4U3U3U3U6	CHEMBL203380
12OV5MVO8	CHEMBL203229
12OV5MVO10	CHEMBL202630
12MV5OVO5VM12	CHEMBL204920
Q2VM4U3U3U3U6	CHEMBL203474
9MV4OVO2	CHEMBL205507
12OV5OVO5VO12	CHEMBL205749
10OVO5VM10	CHEMBL204373
10MV5OVO2	CHEMBL204945
Q2MOV15	CHEMBL205272
12OV5OVO2	CHEMBL207326
9U8VVM3VO1	CHEMBL207330
7U1V1	CHEMBL206566
Q2OMV15	CHEMBL205609
12OVO5VM10	CHEMBL208308
12OVM5VO12	CHEMBL208480
13VO1	CHEMBL207549
13VO2	CHEMBL207555
13VO8	CHEMBL206634
13VO4	CHEMBL206900
12OV6OVM5VO12	CHEMBL208217
13VO5	CHEMBL208141
12OVO5VO12	CHEMBL208072
Q2OMV8U9	CHEMBL208270
13VO3	CHEMBL207607
13VO6	CHEMBL207532
QV3MVV8U9	CHEMBL207848
13VM4	CHEMBL210518
Z3M4M3MSW8	CHEMBL218232
Z3M2U2M3MSW12	CHEMBL217906
Z1VMQ	CHEMBL216796
10SWM3M3M4M3M3MSW10	CHEMBL217939
ZSWM14	CHEMBL219047
Z3M3M3MSW12	CHEMBL219221
Z3M2U2M3MSW8	CHEMBL218112
Z3M4M3MSW18	CHEMBL218282
Z3M4M3M3MSW8	CHEMBL218283
Q2O2O2O2O2O2O2O2O2O2O2O2O2O2O2O2O2O2O2O2O2O2O2O15	CHEMBL217742
Z2VMQ	CHEMBL218945
ZSWM12	CHEMBL219033
18MSWM3	CHEMBL219156
Z3M4M3MSW12	CHEMBL218434
Z2M3M2MSW8	CHEMBL218599
ZSWM18	CHEMBL218794
ZSWM16	CHEMBL218795
Z3M4M3M3MSW18	CHEMBL220552
Z3O4O3MSW16	CHEMBL222162
Z3M4M3M3MSW10	CHEMBL221242
Z3M4M3M3MSW12	CHEMBL221243
12SWM3M3M4M3M3MSW12	CHEMBL221682
Z2O2O2MV17 &GH	CHEMBL224650
QV1MV15	CHEMBL226117
QV1MV8U9	CHEMBL226118
QV1MV8U3U6	CHEMBL225745
QV1MV5U3U3U6	CHEMBL225746
E2U1U1	CHEMBL226728
QV1MV10U3U6	CHEMBL227508
2M4M4M4M2U2M4M4M4M2	CHEMBL227865
4MSWM4	CHEMBL229137
Z9UU5Z	CHEMBL229309
Z14Z	CHEMBL229246
3MSWM3	CHEMBL229740
Q2U1U1	CHEMBL230163
QVM5VO12 &Z4VO12	CHEMBL234725
Q2U1	CHEMBL234926
3SWM3MSW3	CHEMBL235388
3SWM4MSW3	CHEMBL235390
4SWM2MSW4	CHEMBL235610
4SWM3MSW4	CHEMBL236885
4SWM5MSW4	CHEMBL236886
ZV6	CHEMBL238502
ZVMV6	CHEMBL239540
Q2M10	CHEMBL241385
Q2M16	CHEMBL241387
Q2M8	CHEMBL240966
Z2SWQ	CHEMBL239243
ZMV1Z	CHEMBL241347
Z2MV11	CHEMBL3335316
Z4MV13	CHEMBL3335325
NC1VM4	CHEMBL3334625
2U2U1VO2U1	CHEMBL246378
G2MVMMVO1	CHEMBL246487
Q2MV11	CHEMBL246914
ZMV1U2U2	CHEMBL249001
3OV1U2U2	CHEMBL249003
4MV1U1	CHEMBL3334581
WNO4	CHEMBL249809
ZV1U2U2	CHEMBL249185
QV1U2U2	CHEMBL250212
G1VM4	CHEMBL3334598
3MV1U2U2	CHEMBL249593
6OV1U2U2	CHEMBL250416
5OV1U2U2	CHEMBL250413
2U2U1VM1	CHEMBL250419
2U2U1VO1	CHEMBL250421
QV8UU2UU2UU5	CHEMBL251279
Z4MV8U9	CHEMBL3335327
WNO2E	CHEMBL251410
Z4MV15	CHEMBL3335326
QV1Q	CHEMBL252557
Z3MV8U9	CHEMBL3335323
Z4MV11	CHEMBL3335324
Z2MV13	CHEMBL3335317
Z2MV15	CHEMBL3335318
Z2MV8U9	CHEMBL3335319
Z3MV11	CHEMBL3335320
Z3MV13	CHEMBL3335321
Z3MV15	CHEMBL3335322
F &-NA-	CHEMBL1528
SH2Q	CHEMBL254951
QVM5VO11 &Z4VO11	CHEMBL255434
QVM5VO8 &Z4VO8	CHEMBL255432
QVM5VO9 &Z4VO9	CHEMBL255433
QV7V1U8	CHEMBL256146
VH1U3	CHEMBL256368
Z2SSW1	CHEMBL256738
31H	CHEMBL257490
QV7U3V6	CHEMBL258443
QVV1S1VQ	CHEMBL259106
NCM1U1	CHEMBL259526
Z3M2M3Z	CHEMBL259148
Z3M8M3M2	CHEMBL263216
2M4M4M4M2U2M4M4M4M2	CHEMBL264287
ZV1V9	CHEMBL266724
ZVMQ	CHEMBL467
QV8U3U6	CHEMBL267476
10MV3	CHEMBL265439
ZVH	CHEMBL266160
VHM1Q	CHEMBL268447
QV4	CHEMBL268736
Z2SSW1 &EH	CHEMBL271256
6U3U3U3U4VM2U1	CHEMBL274016
G2MSW1G	CHEMBL276113
1M3M4M3M1	CHEMBL274477
G2OSW1E	CHEMBL275363
G2OSW1	CHEMBL275438
Q7	CHEMBL273459
VH2	CHEMBL275626
Q3MV4U3U3U3U6	CHEMBL277297
2M4M4M2U2M2U2M2 &GH &GH &GH &GH &GH	CHEMBL1237392
2M2U2M2U2M2U2M2U2M2 &GH &GH &GH &GH &GH	CHEMBL1237391
Q2S1	CHEMBL277871
2M4M4M2U2M4M2 &GH &GH &GH &GH &GH	CHEMBL1237390
6U3U3U2U1S3VO1	CHEMBL275185
G2OSW1U1	CHEMBL274930
QMV8U9	CHEMBL276537
ZV1I	CHEMBL276727
WN1	CHEMBL276924
QMV4U3U3U3U6	CHEMBL277123
QSW3SWQ	CHEMBL2111092
9U8VM4	CHEMBL277050
QMV7U3U3U6	CHEMBL277539
E1V9	CHEMBL280758
Q17	CHEMBL278989
G2OSW2	CHEMBL280268
2M4M2U2M4M2U2M2 &GH &GH &GH &GH &GH	CHEMBL1237393
ZO3Z	CHEMBL281021
G2OSW1G	CHEMBL280041
VH5	CHEMBL280331
Q2MV8U9	CHEMBL280065
Q2SW1	CHEMBL281616
2M2U2M4M2U2M2U2M2 &GH &GH &GH &GH &GH	CHEMBL1237394
Z3M8M3Z &Z4Z	CHEMBL283410
2M4M2U2M2U2M2U2M2 &GH &GH &GH &GH &GH	CHEMBL1237395
Z4VQ	CHEMBL284116
3M3M8M3M3	CHEMBL284417
F2MV15	CHEMBL284717
4OV1	CHEMBL284391
Q2O4	CHEMBL284588
2M4M2U2M2U2M4M2 &GH &GH &GH &GH &GH	CHEMBL1237396
Z3M4M3	CHEMBL284260
15VM1VO1	CHEMBL286321
QV1MV1	CHEMBL289004
G1V9	CHEMBL286773
G2OSW1SW1	CHEMBL290487
NCMV15	CHEMBL291341
Z4M2UU1	CHEMBL292770
1U1U2M4M1	CHEMBL293698
Z1VM1VQ	CHEMBL292467
4U1	CHEMBL295337
SH4VQ	CHEMBL294565
NCMV3	CHEMBL294629
6U3U3U3U5OVM2	CHEMBL294826
VHO1	CHEMBL295026
2M4M4M4M2U2M2 &GH &GH &GH &GH &GH	CHEMBL1237414
QV1M2M1VQ	CHEMBL296340
2M2U2M4M4M2U2M2 &GH &GH &GH &GH &GH	CHEMBL1237413
G2OV1	CHEMBL296237
Z2VQ	CHEMBL297569
5M1	CHEMBL298481
VHM3	CHEMBL297216
G2M2G	CHEMBL913
Z1VM2SV1 &EH	CHEMBL302738
Z6Z	CHEMBL303004
Q3V4U3U3U3U6	CHEMBL301998
Z2M2Z	CHEMBL303429
ZV4U3U3U3U3U3U2	CHEMBL304463
QV1M1	CHEMBL304383
ZSW1	CHEMBL305268
QV2VM1VQ	CHEMBL306117
Z2VM2SS2MV2Z &EH &EH	CHEMBL308230
Z1VM2SS2MV1Z &EH &EH	CHEMBL307694
1M1V1M8M1V1M1	CHEMBL309246
ZSW6	CHEMBL1076883
QV10U2U7	CHEMBL313436
ZVM3VQ	CHEMBL310895
1SWO1	CHEMBL313493
SH2MV1VQ	CHEMBL315038
ZV10U9	CHEMBL316405
ZV8U5	CHEMBL316423
QVVM1VMSW1	CHEMBL314175
Z1VM1VM2SV1	CHEMBL319134
Z6M6Z	CHEMBL318516
QV6	CHEMBL320358
Q2MSW5U3U3U3U6	CHEMBL320106
Q2MV6U3U3U3U6	CHEMBL321585
QMV6VMQ	CHEMBL320497
8SW1VO1	CHEMBL322819
QV7	CHEMBL324846
WN2Q	CHEMBL324774
ZV1SW9	CHEMBL324544
Z14 &GH	CHEMBL325871
ZV1SW1U8	CHEMBL326244
GV2S1	CHEMBL326737
ZV3U3U3U3U3U3U3	CHEMBL328921
16MVV2	CHEMBL332404
QMVM4	CHEMBL331265
Z18 &GH	CHEMBL331817
ZV1SS1VZ	CHEMBL332509
Z3M4M3MV2Z	CHEMBL331757
Q3S1	CHEMBL332887
Z5Q	CHEMBL333552
15VO1	CHEMBL335125
VH2S1	CHEMBL333298
Z3M4M3MV5VM3M4M3Z	CHEMBL336937
Q4UU2UU3U8	CHEMBL337824
QV7U3O9MV1	CHEMBL338394
2M4M2U2M4M2	CHEMBL339850
1VM5VM1	CHEMBL337259
9H	CHEMBL335900
I	CHEMBL3343679
ZVMO1	CHEMBL339711
Z3M4M3MV10VM3M4M3Z	CHEMBL339792
QV2SS2VQ	CHEMBL338743
2OSW1	CHEMBL338686
ZV1MV1MV1Z	CHEMBL340564
Z2OSWQ	CHEMBL341858
5M1VO2	CHEMBL344189
ZV1U1	CHEMBL348107
QV1U10O1	CHEMBL349054
G5	CHEMBL348039
ZO1VQ	CHEMBL347862
2MM2	CHEMBL350303
ZSWO3G	CHEMBL345493
G4E	CHEMBL350215
ZSWO3	CHEMBL348471
6U3U3U3U4VM5	CHEMBL347615
Q9U3UU2UU2U2Q	CHEMBL1077009
ZSWO3U1	CHEMBL346884
ZV1G	CHEMBL346368
1U1SW1U1	CHEMBL349205
G1E	CHEMBL346918
QV3Q	CHEMBL1342
1SW1SWO1	CHEMBL352170
ZV8	CHEMBL353209
ZSWZ	CHEMBL355001
Q2U2UU2UU2U2U3V3	CHEMBL1077019
ZSWO4OSWZ	CHEMBL353258
6U3U3U3U4VM2UU1	CHEMBL359165
Q2U2UU2UU2U2U5	CHEMBL1092809
ZSWO5	CHEMBL358643
3VO1OV3	CHEMBL360059
SH1VM6MV1SH	CHEMBL360777
SH2VQ	CHEMBL358697
ZSWO11	CHEMBL356681
4MVO2OVM4	CHEMBL366931
Z3M4M3M3MV8	CHEMBL365731
16VM3M3M4M3M3MV16	CHEMBL363429
ZSWO12OSWZ	CHEMBL361421
1U2SS2U1	CHEMBL366603
1U2M3M2U1	CHEMBL368925
Z3M2Q	CHEMBL361813
1VV1	CHEMBL365809
4MVO16OVM4	CHEMBL362685
QV3U3U3U3U3U3U3	CHEMBL367149
Z3M4M3M3MV14	CHEMBL365961
4VV1	CHEMBL364588
Z6MVO1	CHEMBL368970
Q2OVM4	CHEMBL369772
Z11VQ	CHEMBL371701
2OV2VO2	CHEMBL369243
1VM2SSW5SWS2MV1	CHEMBL368602
WNQ	CHEMBL1352
Z2O2O1VQ	CHEMBL370260
13VM3	CHEMBL377933
Z2M3M2MSW12	CHEMBL374062
16SWM3M3M4M3M3MSW16	CHEMBL375184
QV1I	CHEMBL376280
VH4U3U3U3U6	CHEMBL373333
Z3M4M3MSW4	CHEMBL373711
Z1VM1VM1VM1VQ	CHEMBL378905
Z3M4M3M3MSW16	CHEMBL375009
Z3M3M3MSW8	CHEMBL375322
ZSWM8U10	CHEMBL374948
13VO7	CHEMBL379833
10MV5OVO8	CHEMBL382032
Q2OMV4U3U3U3U6	CHEMBL382444
QV5UU11	CHEMBL1275976
Z3M4M3MSW16	CHEMBL384590
6U3U3U3U4MV2	CHEMBL380923
Q2MOV8U9	CHEMBL380925
2M16M2U2M16M2	CHEMBL3347629
12OV5MVO2	CHEMBL380072
QV10U8	CHEMBL3347676
ZMV13	CHEMBL380896
12OV6OVO5VO12	CHEMBL380642
Z5VO12 &QVM5VO12	CHEMBL380471
9U3U2U1S2VO1	CHEMBL3349371
Z8MV2Z	CHEMBL390140
QV1MV17	CHEMBL390936
16MSWM3	CHEMBL387094
8SWM3M3M4M3M3MSW8	CHEMBL386494
QV3M1	CHEMBL2074955
9VM2SS2MV9	CHEMBL401740
4SWM4MSW4	CHEMBL396306
2U2U1VO2	CHEMBL398921
2U2U1VM2	CHEMBL398291
4OV1U2U2	CHEMBL400301
WNO2SWQ	CHEMBL399550
WNO2VQ	CHEMBL401152
WNO2VO1	CHEMBL399905
Q2MV1U2U2	CHEMBL399988
QVM5VO10 &Z4VO10	CHEMBL404543
WNM1	CHEMBL405641
15VO2U1	CHEMBL415727
E1V1VO5U9	CHEMBL414450
3SWM2MSW3	CHEMBL413981
QSWO18	CHEMBL405591
1U1U2M4M2U1U1	CHEMBL417844
2M4M2U2M2U2M2 &GH &GH &GH &GH	CHEMBL1203306
2M4M2U2M4M2 &GH &GH &GH &GH	CHEMBL1203307
QMV4U3U3U3U6	CHEMBL419436
ZSWO2G	CHEMBL417469
ZV7U12	CHEMBL418943
2M4M4M2U2M2 &GH &GH &GH &GH	CHEMBL1203309
2M4M2U2M4M2 &GH &GH &GH &GH	CHEMBL1203310
2M4M2UU2M4M2 &GH &GH &GH &GH	CHEMBL1203311
QV4U3U3U2U1V5	CHEMBL418941
Q2MV15	CHEMBL417675
NCMV17	CHEMBL417933
ZSW1SW8	CHEMBL421106
11VOV11	CHEMBL420797
1U1U2M3M8M3M2U1U1 &GH &GH &GH &GH	CHEMBL1202500
Z12MSW16	CHEMBL425812
Q4UU2UU2U2U2U1V3	CHEMBL421759
4MVO8OVM4	CHEMBL425165
ZV4U3U3U3U6	CHEMBL421883
9U3U2U1S3VO1	CHEMBL422751
2MM2 &GH &GH	CHEMBL1203769
Z3SW3Z &GH &GH	CHEMBL1202492
Z2VM2SV1 &EH	CHEMBL421294
ZV8U3U3U3	CHEMBL423865
1MM1 &GH &GH	CHEMBL1203772
2M2U2M4M4M2U2M2	CHEMBL423894
Q2VM15	CHEMBL423904
16V1U1V1VO1	CHEMBL425779
29H	CHEMBL428955
Z8M3Z &GH	CHEMBL1202497
3VO1OV2VO1OV3	CHEMBL426598
ZSWO7	CHEMBL430306
1M8M1 &GH &GH	CHEMBL1202495
QV1U1VV11	CHEMBL430092
6U3U3U3U4VM3	CHEMBL429055
QM4U3U3U2U7	CHEMBL433690
Z4M3MV1S2MV2MV1 &GH	CHEMBL3356837
Z4MV1O1 &GH	CHEMBL3356842
Z4M3MV1O1 &GH	CHEMBL3356844
Z3M4M3MV1S2MV1 &GH	CHEMBL3356852
ZV1S10	CHEMBL431863
1U1VM1	CHEMBL3352942
1MV1UU1	CHEMBL3352948
Z3VO9U3U3U3	CHEMBL434861
Z6MSW1	CHEMBL436093
SH3U2VQ	CHEMBL432564
QV2MV10MV12S12	CHEMBL1205558
6U3U8VM2I	CHEMBL443882
Q2S2Q	CHEMBL444480
2M4M4M2U2M2	CHEMBL441478
Z1V1M7M1V1Z	CHEMBL441630
Q11	CHEMBL444525
Q6V3U6	CHEMBL443861
VH1U2U6	CHEMBL443949
QV10MV8S12	CHEMBL1205568
QV1MV10MV14S12	CHEMBL1205569
7OV1U2U2	CHEMBL440234
Q2O1	CHEMBL444144
QOV1	CHEMBL444965
VH1V9	CHEMBL443876
QV1O2UU2UU8	CHEMBL445209
QV1MV10MV6S12	CHEMBL1205572
G2OV1U1	CHEMBL450171
QV10MV22S12	CHEMBL1205597
Q2UU2UU7U1	CHEMBL443245
QV2MV10MV4S12	CHEMBL1205571
ZSWM2SS2MSWZ	CHEMBL444608
6U3U8VM2I	CHEMBL448660
QV5UU2UU2U5	CHEMBL448670
Q5UU8VO1	CHEMBL445796
WN2VQ	CHEMBL451226
QV1U2U1VO1	CHEMBL447992
QV4UU2UU2U4U2UU2U1E	CHEMBL450380
QV8UU2UU2UU4U1	CHEMBL451921
QSWOSWQ	CHEMBL1205545
QV2MV10MV6S12	CHEMBL1205585
QV5UU2UU2UU5	CHEMBL447088
12UU5VO1	CHEMBL454842
Q3Q	CHEMBL379652
VH1U7	CHEMBL450072
Q2V11	CHEMBL453487
QV5UU12	CHEMBL454321
QV5UU13	CHEMBL454322
NC1U1	CHEMBL445612
QV4UU2UU2U8U1E	CHEMBL449762
VH1U6	CHEMBL448058
Q5Q	CHEMBL448289
Q20	CHEMBL451717
VH1U5	CHEMBL454759
13UU5VO1	CHEMBL452765
VH1VH	CHEMBL446036
Q2UU2UU8	CHEMBL451481
QV10MV12S12	CHEMBL1205590
QV6UU2UU3U6	CHEMBL453726
Z1V2VO1OV3 &GH	CHEMBL452926
WNO6O1	CHEMBL458087
Q2Q	CHEMBL457299
E2E	CHEMBL452370
QV2V1M6	CHEMBL447969
QV8U7	CHEMBL453509
QVV3VVQ	CHEMBL451265
Q2MV1Q	CHEMBL450812
VH1U2U2U2U2U2U1VH	CHEMBL451517
Q2MV5U3U3U6	CHEMBL455997
Q2O5U3U3U3U6	CHEMBL450007
QV1S3U3U3U3U3	CHEMBL447250
G2U1	CHEMBL451126
Q2VM8U9	CHEMBL447931
Q6Q	CHEMBL458616
QV1U1V1U1VQ	CHEMBL456159
7U1V6VO2	CHEMBL450378
Q2O2UU2UU7U1	CHEMBL452668
8UU2UU2U1V1	CHEMBL448372
QV1O2U4U3U3U3U3	CHEMBL458707
Q2MVV14	CHEMBL455258
ZV5U3U3U6	CHEMBL456612
QSWO4U3U3	CHEMBL460438
9U8VVO2	CHEMBL457814
8U1V1	CHEMBL1077271
ZV7U3U3U6	CHEMBL456613
QSWO4U3U3	CHEMBL460230
QSWO3U3U3U1	CHEMBL460439
QV4UU3UU3UU3UU6	CHEMBL458328
Q2O2O2O1	CHEMBL1794613
Q2MV8U3U3U3	CHEMBL458095
QV7U1VQ	CHEMBL460237
8UU2UU2U1V1	CHEMBL455313
QV3MV4U3U3U3U6	CHEMBL456340
QV5UU3U3U3U3	CHEMBL458467
QV7U2Q	CHEMBL458520
6U3U3U3U4VM2I	CHEMBL461439
2OV1U1V1U1VO2	CHEMBL456197
14U1V1	CHEMBL1077289
QV8U5	CHEMBL456732
QV14	CHEMBL460025
QV4U3U3U3U3U3	CHEMBL460026
QV3S3U3U3U3U3	CHEMBL460444
QV1O3U3U3U3U3	CHEMBL460445
WNO3M2 &WNQ	CHEMBL457762
Q4UU5VO1	CHEMBL459040
G2S2G	CHEMBL455341
QV2V1U1VQ	CHEMBL458071
Q2UU2UU9U1	CHEMBL463465
Q2U3U3U6	CHEMBL460757
QV7U3U3U6	CHEMBL465183
1OV2MSWM2VO1	CHEMBL461137
QV4U4U18	CHEMBL463437
14VVM3V4	CHEMBL461317
Z1VM1VMQ	CHEMBL462481
14VVM1VO2	CHEMBL462542
ZVO2	CHEMBL462547
14VVM4O2	CHEMBL461318
QV5U3U3U6	CHEMBL464982
QV10U3U6	CHEMBL464983
Q2UU2U5UU2UU2U6U2UU1	CHEMBL464753
QV1M1VQ	CHEMBL461164
QV1O2U4U3U3U3	CHEMBL460654
9U1V6VO2	CHEMBL465239
QV7V1U2U6	CHEMBL465240
QV4U4U7	CHEMBL464637
QV1O2U4U3U3U3U3	CHEMBL460655
QV7UU2UU2UU6	CHEMBL464527
QV8U9	CHEMBL460657
QVV1VQ	CHEMBL1794791
QV25	CHEMBL464787
Q2UU5UU5UU6U2UU1	CHEMBL468044
Q2UU2U5UU2UU8U2UU1	CHEMBL468045
QV8U1U2UU2UU4	CHEMBL2028081
9U8VO1	CHEMBL465725
QV6V1U9	CHEMBL465675
G7	CHEMBL1797136
7V1U2UU2UU1V1U1	CHEMBL465850
G2U2G	CHEMBL468582
Q2E	CHEMBL468583
Q3E	CHEMBL466545
8UU2UU2O1VO1	CHEMBL465630
1U9UU2UU2O1VO1	CHEMBL465631
QV9U1VQ	CHEMBL470062
QV7U1U2UU2UU4	CHEMBL2028079
Z1V2VQ	CHEMBL3350389
QVV2VQ	CHEMBL1686
Q22Q	CHEMBL470773
QV5U3U3U3U1	CHEMBL475064
Q2MV4U3U3U3U6	CHEMBL478670
1OV2V1VO1	CHEMBL478572
QV4UU2UU2U6U2UU1E	CHEMBL478973
ZV5U16	CHEMBL477742
11V1	CHEMBL480097
QV5V1U2U1V6	CHEMBL478594
QV13UU2U1VQ	CHEMBL476878
Q14VO1	CHEMBL477886
E1U8U2UU2UU4VO1	CHEMBL478974
Q16VO1	CHEMBL477885
QV4UU2U6U2UU2U1E	CHEMBL476873
QV4UU2UU2U6UU2U1E	CHEMBL476874
QV10UU2U5	CHEMBL479141
QV6UU2U6UU2U1E	CHEMBL481648
QV6U2UU9	CHEMBL482601
1VM1VM1V2VO1	CHEMBL483276
QV6U2UU9	CHEMBL482803
QV8UU9	CHEMBL482804
QV4UU4UU7	CHEMBL487382
QV5U3U3U3U3	CHEMBL484430
Z1V2VQ	CHEMBL3350765
14VVM2VO1	CHEMBL488243
14VVM2VO2	CHEMBL488244
15OV11	CHEMBL485819
G1V8U9	CHEMBL486979
VH8U9	CHEMBL486980
QV6UU2UU9	CHEMBL485858
12VM1U4VM1VO1	CHEMBL486155
Z3ONW &WNQ	CHEMBL486635
1V1U2UU2UU9U1	CHEMBL488409
1V1U2UU2UU9U1	CHEMBL488410
14VVM4VO2	CHEMBL488438
QV4U2UU2UU9	CHEMBL489540
14VVM4VO1	CHEMBL487239
QMV7VMQ	CHEMBL495390
Q5UU10VO1	CHEMBL495385
QV6UU4Q	CHEMBL495386
QV6UU5Q	CHEMBL495387
6U3U4V1	CHEMBL500066
QV6UU2UU5	CHEMBL501307
Q2O2O2O2O2O2O2O2O2O2O12	CHEMBL502418
QV1U2Q	CHEMBL507046
Q2SSVO10	CHEMBL503857
VH1G	CHEMBL506976
Q3UU4VO1	CHEMBL508127
E2VM1MV1U1	CHEMBL505254
Q2O2O2O2O12	CHEMBL500128
3U3U3U4V1	CHEMBL502229
VH1U8	CHEMBL507518
QV4U2UU2UU9	CHEMBL504781
WNO3O1	CHEMBL509035
Q2O2O2O2O2O2O2O2O2O2O2O2O2O2O2O2O2O2O2O2O2O12	CHEMBL501042
QV1U1VQ	CHEMBL503160
QV1F	CHEMBL509273
ZVV8U9	CHEMBL506602
ZMV1U1VMZ	CHEMBL500580
Q2O2O2O2O2O2O2O2O12	CHEMBL501722
1S1U1VM1	CHEMBL505585
QV4UU2U2UU2U3	CHEMBL498234
QV6U3U3U3U3U3	CHEMBL496634
FSW8	CHEMBL499569
ZV6U3U3U3U6	CHEMBL513083
ZV8U3U3U3	CHEMBL510144
QV3S3U3U3U3U3	CHEMBL510672
QV2Q	CHEMBL1205969
QSW4Q	CHEMBL1205974
QV6UU2UU2U5	CHEMBL510276
QV4Q	CHEMBL1205948
ZM1 &GH &GH	CHEMBL1204369
QSWO10UU1	CHEMBL1206046
1M3M3M1 &GH	CHEMBL1204171
1M3M8M3M1 &GH &GH &GH &GH	CHEMBL1204179
Z3M3O3M3Z &GH &GH &GH &GH	CHEMBL1204177
QV10MV40S12	CHEMBL1206998
3M3M8M3M3 &GH &GH &GH &GH	CHEMBL1204175
14VVM3VO2U1	CHEMBL520227
2M3M8M3M2 &GH &GH &GH &GH	CHEMBL1204176
QSWO6	CHEMBL1207929
QSWO14	CHEMBL1208306
QSWF	CHEMBL1207889
QSW6	CHEMBL1208318
QV1O2UU2UU7U1	CHEMBL1207956
QSWOOSWQ	CHEMBL1208163
QSW10	CHEMBL1208302
QSW8	CHEMBL1208308
QSW16	CHEMBL1208309
QSWO10	CHEMBL1208321
QSWO13	CHEMBL1208311
QSW14	CHEMBL1208312
QV1U2U2U2	CHEMBL1208330
QSW12	CHEMBL1208337
QSWO8	CHEMBL1208322
2M4M4M4M4M4M4M4M2 &GH	CHEMBL536068
2M2U2M2U2M2U2M2 &GH	CHEMBL536291
Z3M8M3Z &GH &GH &GH &GH	CHEMBL538800
2M2U2M4M2U2M2 &GH	CHEMBL535620
2M4M4M4M4M4M2U2M4M4M4M4M4M2 &GH	CHEMBL536065
2M4M4M4M4M4M4M2U2M4M4M4M4M4M4M2 &GH	CHEMBL536066
1U2U1	CHEMBL537970
2M4M4M4M4M2U2M4M4M4M4M2 &GH	CHEMBL536502
QSW2MG	CHEMBL539204
2M4M4M2U2M4M2 &GH	CHEMBL538082
QV3S2U4U3U3U3	CHEMBL541729
ZQ &GH	CHEMBL542448
Z2SV1 &GH	CHEMBL540544
Z2G &GH	CHEMBL540550
SH2M1VQ &GH	CHEMBL543749
Z3VM4 &GH	CHEMBL543334
2M4M4M4M4M4M4M4M4M4M4M4M4M4M2 &GH	CHEMBL541380
2M4M4M4M4M4M4M4M4M4M2 &GH	CHEMBL541381
1M2UU1 &GH	CHEMBL543411
Z2M2S3 &GH &GH	CHEMBL545290
QV1U1VQ	CHEMBL539648
Z3M2S2 &GH &GH	CHEMBL544591
Z3M2S3 &GH &GH	CHEMBL545060
WNO5VQ	CHEMBL541439
ZV2VZ	CHEMBL541705
Z1VO1 &GH	CHEMBL544458
Z1VS2MV1 &EH	CHEMBL545455
Z3M2S1 &GH &GH	CHEMBL542945
Z2M2S1 &GH &GH	CHEMBL542947
Z1CN &GH	CHEMBL545492
Z2M2S4 &GH &GH	CHEMBL545530
WNO6VQ	CHEMBL539444
Z3SWMQ &EH	CHEMBL542848
ZZ &GH &GH	CHEMBL542171
2S2M3M3M3M2	CHEMBL556668
4M4M4M3M2	CHEMBL549324
QV7UU5MVM5	CHEMBL551161
2S2M3M3M3M2S2	CHEMBL552234
4MVM6U7VO1	CHEMBL555832
ZO3Z &GH	CHEMBL1209776
Z2M2S2 &GH &GH	CHEMBL555187
ZO2	CHEMBL1213044
QV3U5MVM5	CHEMBL551899
QV3UU5MVM5	CHEMBL551900
1OV2VO1	CHEMBL556489
Z3OM3Z &EH &EH &EH	CHEMBL553063
Z3M7M3Z &GH &GH &GH &GH	CHEMBL554767
QV4UU8MV6	CHEMBL550898
QV7U5VM6	CHEMBL561706
VH1U2U2U2	CHEMBL557962
2M4M4M4M4M2U2M4M4M4M4M2 &GH	CHEMBL556967
QV7U4MVM6	CHEMBL560029
QV7U5OVM5	CHEMBL558485
QV7U5MVVM4	CHEMBL559453
Z3VM1VQ	CHEMBL557092
2M4M4M4M2U2M4M4M4M2 &GH	CHEMBL558372
QV7U5MVM5	CHEMBL559573
QV2U1VQ	CHEMBL557347
QV7U5MV6	CHEMBL560420
2M4M4M4M4M4M4M4M4M4M4M4M2 &GH	CHEMBL556966
QV4U3U3U9	CHEMBL1865841
QMV4VMQ	CHEMBL565859
QMV3VMQ	CHEMBL566494
QMV2VMQ	CHEMBL566071
8MSW2M4	CHEMBL1864256
ZSWM9U3U6	CHEMBL570988
1M1 &GH	CHEMBL569461
NCS2O2O4	CHEMBL1867205
9U9MSWM3	CHEMBL571044
Z9Z	CHEMBL572025
ZSWM5U3U3U3U6	CHEMBL568489
WN1VQ	CHEMBL571463
QMVVMQ	CHEMBL566941
Z10Z	CHEMBL570383
QMV1VMQ	CHEMBL569435
Z11Z	CHEMBL570216
ZSWM9U9	CHEMBL570566
Q2OVM6MVO2Q	CHEMBL1866422
2MVM3M6M3MVM2	CHEMBL1852816
QV1MVMQ	CHEMBL573239
QV1MVVM2	CHEMBL572969
3MVM3M6M3MVM3	CHEMBL1852844
QSWQ	CHEMBL572964
QV1MV1V1	CHEMBL573193
QV1MV1VO2	CHEMBL573194
QVVM1VO1	CHEMBL573196
14VVM3V1O2	CHEMBL573332
QV2VVM2	CHEMBL573259
QV1VM1VQ	CHEMBL573153
Q1V3MVV14	CHEMBL574725
14VVM3VO2	CHEMBL574723
QV1MVVO2	CHEMBL572739
8M3S3M8	CHEMBL580390
7VV7	CHEMBL1812858
4VV4	CHEMBL1812855
6VV6	CHEMBL1812857
9U7VVO2	CHEMBL1812586
8OVM6MVO8	CHEMBL579302
6U3U3U3U5MSWM3	CHEMBL583108
9V1VM1VO2	CHEMBL1812114
ZVV7U9	CHEMBL1812585
8VV8	CHEMBL1812859
2VV2	CHEMBL1812853
3VV3	CHEMBL1812854
5VV5	CHEMBL1812856
QV10U5MVVM1	CHEMBL1802692
QV10U5MVVM1	CHEMBL1802693
QV1U1VO1	CHEMBL589586
ZO1	CHEMBL1213633
1SWMVM6VMSWO1	CHEMBL591318
QV10U5MV3	CHEMBL1803088
QV10U5VM3	CHEMBL1803089
QV10U4VM4	CHEMBL1803090
QV10UU5MVVM1	CHEMBL1803086
QV13U2MV3	CHEMBL1803091
QV13U2MVVM1	CHEMBL1803092
QV13U2MVM2	CHEMBL1803093
WNO3Q	CHEMBL1817841
WN3VO1	CHEMBL3358703
QSWO9U9	CHEMBL594396
WNO6M2 &WNQ	CHEMBL1770158
QV2O1	CHEMBL3358702
1M3M7M3M1	CHEMBL81822
Q2O2O2O2O2O2O2O2O2O2O2O2O2O2O2O2O2O2O2O2O2O2O2O12	CHEMBL449312
QV4VO3U3U11	CHEMBL114431
Q30	CHEMBL1079147
Z2ONW	CHEMBL609980
QSWO7U9	CHEMBL611951
Q2M14	CHEMBL395447
1U4UU2UU2UU8VO1	CHEMBL1080661
VH1U2	CHEMBL1086445
Q2U2UU2UU3U8	CHEMBL1086904
Q2U2UU2UU3U6	CHEMBL1086905
Q2U3UU2UU2U2U7	CHEMBL1086773
E1V1	CHEMBL1085947
ZVO1	CHEMBL1085707
E1VO2	CHEMBL1085948
1VO9U3UU2U2U2OV1	CHEMBL1090064
9U1V1	CHEMBL1091090
10U1V1	CHEMBL1091091
11U1V1	CHEMBL1091092
12U1V1	CHEMBL1091093
QV6VMQ	CHEMBL1090658
Z2SS2MV3VM2SS2MV3VM2SS2Z	CHEMBL1851860
7U2U2UU2U2U2OV1	CHEMBL1092510
8U3UU2U2U2OV1	CHEMBL1092511
QV9U2U6	CHEMBL1093743
Z3VO14 &GH	CHEMBL1096839
Q9U3UU2U2U2Q	CHEMBL1092808
QV1U2	CHEMBL1213528
1OV1U1O2UU1	CHEMBL1097382
QH	CHEMBL1098659
Z2SS2MV2VM2SS2MV2VM2SS2Z	CHEMBL1851695
Z6VO11 &GH	CHEMBL1097116
Z7VO10 &GH	CHEMBL1097117
Z3VO14	CHEMBL1096670
Z7VO10	CHEMBL1095217
Z9VO8	CHEMBL1095218
Z2VO15 &GH	CHEMBL1095078
2OV1UU2O1U1VO1	CHEMBL1099054
NC17	CHEMBL1871991
Z11VO6	CHEMBL1097161
SH2SWQ	CHEMBL1098319
QV1U1	CHEMBL1213529
Z1V2VO1	CHEMBL1096562
Z6VO11	CHEMBL1098835
Q2O2O2O2O2O11	CHEMBL1213506
Z4VO13	CHEMBL1098833
Z5VO12	CHEMBL1098834
Z11VO6 &GH	CHEMBL1096190
Z2VO15	CHEMBL1096191
Z4VO13 &GH	CHEMBL1096840
ZO2O2O2OZ	CHEMBL1213255
QV1UU1	CHEMBL1213530
Z8	CHEMBL1160509
SUCM	CHEMBL1161685
QV1O2	CHEMBL1159929
QVV1	CHEMBL1162144
Z3VO4	CHEMBL1161408
3U3U3U8VO1	CHEMBL1172198
QCN	CHEMBL1161700
ZH	CHEMBL1160819
QVQ	CHEMBL1161632
Z2F	CHEMBL1162280
QVV1F	CHEMBL1162543
QVV3	CHEMBL1162544
VHVQ	CHEMBL1162545
QV6VQ	CHEMBL1162491
QV3VQ	CHEMBL1162495
QSWO5U3	CHEMBL1162329
QV1MV1U10	CHEMBL1170487
QV1MV1U4	CHEMBL1170733
Z3F	CHEMBL1162286
QV14U9	CHEMBL1173379
QV12U9	CHEMBL1173380
QV19	CHEMBL1173381
Z3M3M3M3M3M16	CHEMBL1185971
Z3M3M4M3M3M16	CHEMBL1187474
2M4M4M4M4M4M2U2M4M4M4M4M4M2	CHEMBL1188325
2M4M4M4M4M4M4M4M2	CHEMBL1188327
QV22	CHEMBL1173462
2M4M4M4M4M4M4M2U2M4M4M4M4M4M4M2	CHEMBL1188326
QV9U5	CHEMBL1173463
Z3M3M3M3M16	CHEMBL1186485
Z3M4M3M16	CHEMBL1186486
Z3M3M3M16	CHEMBL1186507
QV21	CHEMBL1173474
WNO3M2	CHEMBL1186309
Z3M4M3M3M16	CHEMBL1186845
Z2VM2SV1	CHEMBL1185562
QV20	CHEMBL1172909
QV23	CHEMBL1173620
ZQ	CHEMBL1191361
Z1V2VO2O1	CHEMBL1180786
Z2SV1	CHEMBL1190273
Z3SWMQ	CHEMBL1191712
Z2M2S4	CHEMBL1194030
Z3M2S2	CHEMBL1193223
Z3VM2Z	CHEMBL1179132
Z3VM6MV3Z	CHEMBL1179133
Z3VM2MV3Z	CHEMBL1179134
Z3VM2SS2MV3Z	CHEMBL1179324
QV16	CHEMBL1172910
Z2M2S1	CHEMBL1191800
Z1CN	CHEMBL1193997
Z1VM2SV1G	CHEMBL1179302
Z1VO1	CHEMBL1193103
Q22	CHEMBL1200453
Z2M3M2Z	CHEMBL1214193
Z2M2S3	CHEMBL1193822
Z2G	CHEMBL1190279
Z2O2O2MV17	CHEMBL1182243
Z1VM2SV2	CHEMBL1179279
SH2M1VQ	CHEMBL1192506
Z1VM2SS2MV1Z	CHEMBL1179346
Z1VS1VQ	CHEMBL1179187
3U3U3U3U3U4VO2 &3U3U3U3U3U3U3VO2	CHEMBL1200711
Z2VM2SS2MV2Z	CHEMBL1183627
Z1V2VO2O2O2	CHEMBL1180762
Z3VM4MV3Z	CHEMBL1179129
Z1V2VO2O2O2O2	CHEMBL1180835
Z3ONW	CHEMBL1187009
-NA- &G	CHEMBL1200574
Z3M2S3	CHEMBL1193621
Z1VS2MV1	CHEMBL1193964
Z3VM4MV1	CHEMBL1179095
-NA- &I	CHEMBL1201083
-NA- &I	CHEMBL1201084
Z3M2SH	CHEMBL1201382
2M4M4M4M4M4M4M4M4M4M2	CHEMBL1190698
Z4MV3Z	CHEMBL1179105
Z1V2VQ &GH	CHEMBL1200582
Z1V2VO6	CHEMBL1201784
Z1V2VO6 &GH	CHEMBL1201785
Z1VO1VQ	CHEMBL1179258
Q2O12	CHEMBL1201751
G &-KA-	CHEMBL1200731
Z2M2M2Z &GH	CHEMBL1200783
F &-NA-	CHEMBL1200744
QSW3MV1	CHEMBL1201293
ZH	CHEMBL1201189
2M4M4M4M4M2U2M4M4M4M4M2	CHEMBL1196431
Z3VM2SV1	CHEMBL1179340
Z3M2S1	CHEMBL1191798
Z1V2VO1 &GH	CHEMBL1201093
ZV3Z	CHEMBL1199935
2M4M4M4M4M4M4M4M4M4M4M4M2	CHEMBL1196430
3MVM3M3M3MVM3	CHEMBL1198876
Z3VM2M1VQ	CHEMBL1199337
2MVM3M4M3MVM2	CHEMBL1198931
2MVM3M7M3MVM2	CHEMBL1198845
1M2UU1	CHEMBL1192210
Z2M2S2	CHEMBL1195713
11U1	CHEMBL1872885
2MVM3M3M3MVM2	CHEMBL1198906
3MVM3M4M3MVM3	CHEMBL1199183
3MVM3M7M3MVM3	CHEMBL1198925
ZV2Z &GH	CHEMBL1222064
QV2MV10MV16S12	CHEMBL1207808
ZO2U1	CHEMBL1213179
Z3M2Z	CHEMBL1213267
Z1VM1VM2VQ	CHEMBL1221774
ZV2Z	CHEMBL1229081
QSW3Q	CHEMBL1207163
Z1VM3VQ	CHEMBL1221832
QSWO16	CHEMBL1229222
Z1VM2VM2SWQ	CHEMBL1221831
Z1VM2VQ	CHEMBL1221616
ZV1Z &GH	CHEMBL1222057
6U3U3U3U5O4	CHEMBL58543
1VM6MV1	CHEMBL291481
Z1VM2SV1	CHEMBL320869
Q2MV4UU3UU3UU3UU6	CHEMBL160351
QV8UU2UU2U4U1	CHEMBL449730
F2MV4U3U3U3U6	CHEMBL74909
Q2SSW1	CHEMBL271923
3M4M3M3	CHEMBL441413
Z3M4M3MV8U9	CHEMBL417396
Q16Q	CHEMBL448715
Q3MV8U9	CHEMBL16169
9U8V1	CHEMBL92219
Z2VM2VM2VM2VQ	CHEMBL504376
Q2MV8U3U6	CHEMBL149859
Z3M8M3M2 &GH &GH &GH &GH	CHEMBL1202498
QV4U7	CHEMBL1169837
2M4M4M4M2U2M2 &GH	CHEMBL541638
Q1U2U3UU2U10OV1	CHEMBL1077018
4VO4	CHEMBL47155
4M3M8M3M4 &GH &GH &GH &GH	CHEMBL543222
Q2UU2U5UU2UU2UU6U2UU1	CHEMBL447274
VH1U9	CHEMBL451328
Z5Z	CHEMBL119296
QV1MV6U3U3U3U6	CHEMBL388767
VH1U1V5	CHEMBL1086447
Z7M7Z	CHEMBL322423
ZV8U3U6	CHEMBL89084
1VM1	CHEMBL11544
ZV1SW18	CHEMBL112572
QV4VO3U3U9	CHEMBL114807
ZV7U3U3U6	CHEMBL90001
6U3U3U3U5O2UU1	CHEMBL61114
ZV8U9	CHEMBL15927
1U8U1	CHEMBL31020
1SWO3M3OSW1	CHEMBL96292
12OV1MV1MV11	CHEMBL77662
6U3U3U3U4VM2O1	CHEMBL75591
NC2M5	CHEMBL139492
QV8MV1E	CHEMBL56987
Q10	CHEMBL25363
QV1MV7U3U3U6	CHEMBL227564
6U3U3U3U4MVM1	CHEMBL61660
G3	CHEMBL15697
QV2V1V1	CHEMBL222824
3VM2S1	CHEMBL1873589
Q4UU2UU2U2U3V3	CHEMBL342676
Q2MV4U3U3U3U3U3	CHEMBL3358297
Q2O1VO3U3U6	CHEMBL326623
1U1U2M3M3M2U1U1	CHEMBL287672
Z3M4M3MSW10	CHEMBL218163
Z1VH	CHEMBL296723
Q2MV4U3U3U3U7	CHEMBL121011
Z3M4M3MV6VM3M4M3Z	CHEMBL132271
QV1O2UU2UU9U1	CHEMBL453153
QV1MV1MV1G	CHEMBL504798
QSWO3UU2UU6UU2UU2U1E	CHEMBL468248
3U3U3U3U3U3U3VM2MV3U3U3U3U3U3U3	CHEMBL3358300
Z6VQ	CHEMBL1229507
QV2SW2VQ	CHEMBL498855
14VVM1VO1	CHEMBL462366
6U3U3U3U4VM2I	CHEMBL509376
Q6E	CHEMBL1231334
Q2MV6U3U3U3U3U3	CHEMBL3358304
13U1V1	CHEMBL1091094
ZV3	CHEMBL1231396
Z3M4M3Z	CHEMBL23194
Q12E	CHEMBL1231267
QV10U3U3U3	CHEMBL453991
ZSWO18	CHEMBL450930
QV11E	CHEMBL1231458
EH	CHEMBL1231461
IH	CHEMBL1233550
Z9VO8 &GH	CHEMBL1097118
16I	CHEMBL1233571
QV1UU1VQ	CHEMBL1874364
Q2O2O2O2O2O2O2O2O2O12	CHEMBL1231723
2O2O2O2	CHEMBL1235106
1O2O2O2O1	CHEMBL1235255
E1E	CHEMBL1229889
Q2O2O2	CHEMBL1230841
G1V1G	CHEMBL1231783
5M5	CHEMBL1232240
Q1V1Q	CHEMBL1229937
GH	CHEMBL1231821
3U3U3U3U3U4VM3M1	CHEMBL3358310
Q2O2Q	CHEMBL1235226
QV5VQ	CHEMBL1235351
QH	CHEMBL1232306
FH	CHEMBL1232767
Q2SS2Q	CHEMBL1233278
9V1	CHEMBL1236582
E3	CHEMBL1230095
VH10	CHEMBL1236576
Z5VO12 &GH	CHEMBL1097115
QV1O1VQ	CHEMBL1234950
Q2O2O2Q	CHEMBL1235259
NC6	CHEMBL1231869
OCO	CHEMBL1231871
1O2O1	CHEMBL1232411
VH3VH	CHEMBL1235482
Q2O2O1	CHEMBL1235250
Q2O2O2O2Q	CHEMBL1235254
2OVM1	CHEMBL1232511
ZV2	CHEMBL1235716
QV8VQ	CHEMBL1232164
Q2O2O2O2O1	CHEMBL1232586
Q2O2O2O2O2Q	CHEMBL1229766
Q2O2O2O2O2O1	CHEMBL1229767
2M1	CHEMBL1232589
G1V1	CHEMBL1231084
QV1V1	CHEMBL1230762
Z1VSH	CHEMBL1233056
Q3G	CHEMBL1230102
Q2O2O2O2O2O2Q	CHEMBL1235082
QV5UU14	CHEMBL1276312
Z4M4M4Z &GH	CHEMBL1275962
SH3	CHEMBL1236818
WN6	CHEMBL1234594
OO	CHEMBL1234886
QV10U7	CHEMBL1236642
QV2V1	CHEMBL1235931
VH15	CHEMBL1235338
Z3M3M3Z &GH	CHEMBL1275961
1SWS1	CHEMBL1236925
-LI-	CHEMBL1234004
1MVM1	CHEMBL1234380
QSW1U1	CHEMBL1236690
QV9U1	CHEMBL1276010
Z4M4Z &GH	CHEMBL1275935
Z5M3Z &GH	CHEMBL1275936
QVV2S1	CHEMBL1233860
1O2O2O1	CHEMBL1234162
SHSSH	CHEMBL1235793
QV4U8MVM5	CHEMBL551162
Q2MV2VM2Q	CHEMBL1334119
2M4M4M4M4M2	CHEMBL551489
15H	CHEMBL1234557
GV3	CHEMBL1300263
2O3MVVM3O2	CHEMBL1304451
2M4M4M4M4M4M4M4M4M4M4M4M4M4M2	CHEMBL1190697
8M3S3M8 &GH	CHEMBL529608
Z1V2VO2O2	CHEMBL1180758
Z3VM4	CHEMBL1192149
E2U2E	CHEMBL1324439
2M4M4M4M2U2M4M4M4M2 &GH	CHEMBL536067
1VOV1	CHEMBL1305819
QV18	CHEMBL1169674
Z1V2VO1OV3	CHEMBL1186173
1U8VO1	CHEMBL1364550
SUCS	CHEMBL1365180
2VM4MV2	CHEMBL1366387
QV9U8	CHEMBL1371781
QV1MV3U3U3U3U3U3U3	CHEMBL1365657
1VM2S2MV1	CHEMBL1368545
1SS1	CHEMBL1347061
QV3MV7U3U3U6	CHEMBL1316176
Z2CN &Z2CN &QV1U1VQ	CHEMBL1315165
19UU1	CHEMBL1329983
2O2OVM6MVO2O2	CHEMBL1352350
QV8UU7	CHEMBL1269414
Q2OV1U1	CHEMBL1330518
NC2U2	CHEMBL1322495
QV1UU15	CHEMBL1269411
QV4UU11	CHEMBL1269412
QV4UU2UU9	CHEMBL1319451
ZVMV1U1VO4	CHEMBL1339247
Z1V2VO8	CHEMBL1256296
Z2CN &QV1U1VQ	CHEMBL1255942
Z4Z &GH	CHEMBL1255652
Z3M4M3Z &GH	CHEMBL1256357
ZO1VQ &GH	CHEMBL1255757
SH1VO1	CHEMBL1341329
Z6	CHEMBL1320720
Z2SS2Z &GH	CHEMBL1256388
Z4M3Z &GH	CHEMBL1256356
Z4VQ &GH	CHEMBL1256511
EMV1	CHEMBL1256514
ZVMZ &GH	CHEMBL1256355
Z2SH &GH	CHEMBL1256137
Z1V2VO4	CHEMBL1256184
Z1V2VO5	CHEMBL1256185
QV8U6V2	CHEMBL1256635
ZM2	CHEMBL1359929
GVS2	CHEMBL1379791
QV8U9 &Z2Q	CHEMBL3989529
G1U1G	CHEMBL1385560
QV8U2U1V5	CHEMBL1378466
7U1	CHEMBL1376677
Q11VS2	CHEMBL1399286
1U1VM1MV1U1	CHEMBL1401480
Z2SWS2Z	CHEMBL1411214
QV8UU19	CHEMBL1400895
4MV9UU1	CHEMBL1421649
QV3S2	CHEMBL1414037
ZV4VZ	CHEMBL1416640
ZM4 &QVVQ	CHEMBL1408488
1U2MV3VM2U1	CHEMBL1422384
E2U1	CHEMBL1429506
G12	CHEMBL1472384
2OVMMVM6MVMMVO2	CHEMBL1470606
1MV2SS2VM1	CHEMBL1472585
1U2MV4VM2U1	CHEMBL1466337
Z4M3Z &GH &GH &GH	CHEMBL1473196
2VM6MV2	CHEMBL1456863
WN3	CHEMBL1449933
NC1U1CN	CHEMBL1451833
ZMV10O4Q	CHEMBL1453823
WN4	CHEMBL1448549
1O3MV3VM3O1	CHEMBL1455219
4OV1U1VO4	CHEMBL1466826
NC2G	CHEMBL1451739
QV4UU3UU3UU9	CHEMBL1449344
GVS3	CHEMBL1469099
VH4U1VO2	CHEMBL1455822
1VO1U1	CHEMBL1470323
2O2OV1	CHEMBL1427293
Q2MV3U3U3U3U3U3U3	CHEMBL1482206
1OV1MV4VM1VO1	CHEMBL1485279
QV3VO1	CHEMBL1483438
ZMV1SW1SW1VMZ	CHEMBL1488561
30H	CHEMBL1482375
GV7	CHEMBL1504663
4O2O2O4	CHEMBL1485392
1O2MV3VM2O1	CHEMBL1446590
ZV10U3U6	CHEMBL1440946
G1U1G	CHEMBL1441128
QV2U2VQ	CHEMBL1446146
2OV1MV5VM1VO2	CHEMBL1444214
QV1SW1VQ	CHEMBL1480578
4MVO2MVM1	CHEMBL1519355
VH3	CHEMBL1478334
1U1VO2O2O2O2OV1U1	CHEMBL1492729
ZO1VQ &ZO1VQ &GH	CHEMBL1492415
1U1VO2O2OV1U1	CHEMBL1496957
QV11UU19	CHEMBL1491672
8VO2U1	CHEMBL1506537
2V1U1	CHEMBL1506228
NC4	CHEMBL1503158
QV3MV8U3U6	CHEMBL1513232
QV12U3U3U3	CHEMBL1514851
2OVO2	CHEMBL1533495
Z16	CHEMBL1534653
1U1VO6OV1U1	CHEMBL1530684
3U3U3U8VO2	CHEMBL1527567
NC1VO1	CHEMBL1532013
ZV5	CHEMBL1523958
QV6U19	CHEMBL1526353
NCS1SCN	CHEMBL1524617
QV3O2UU1	CHEMBL1531499
QV4UU1	CHEMBL1525859
Z4Z &GH &GH	CHEMBL1528028
G1U2 &G1U1G	CHEMBL1908234
1V2V1	CHEMBL1564795
Q2UU1	CHEMBL1563026
G1VM9MV1G	CHEMBL1543836
NC2CN	CHEMBL1562258
4SW1U2U1SW4	CHEMBL1563483
4OV1U1	CHEMBL1546388
5U1	CHEMBL1548726
1OV4VO1	CHEMBL1566491
QV1S1VQ	CHEMBL1570500
3VOV3	CHEMBL1566369
8MV3VO2UU1	CHEMBL1567262
QV2S2VQ	CHEMBL1569439
QV12UU19	CHEMBL1557930
Z3M4M3Z &GH &GH &GH &GH	CHEMBL1556584
VH1U2U2	CHEMBL1576086
4M2	CHEMBL1598939
1V1U1	CHEMBL1600824
ZMV9U1	CHEMBL1605858
QV11O1	CHEMBL1606365
VHVH	CHEMBL1606435
GV4	CHEMBL1607711
NC3U1	CHEMBL1595985
Q2O2S12	CHEMBL1593976
1U9VO1	CHEMBL1591973
Z2SS2Z &GH &GH	CHEMBL1594935
QV4V12	CHEMBL1587999
QV5UU10	CHEMBL1269413
ZO1 &GH	CHEMBL1609430
1OV3VO1	CHEMBL1609626
QV6U3U3U3U6	CHEMBL1491103
G2O2G	CHEMBL1613350
QV1SS1VQ	CHEMBL1611974
1VM2S1	CHEMBL1608327
1V2SW1U1	CHEMBL1631454
F &-KA-	CHEMBL1644027
Q2S2V1	CHEMBL1631455
-NA- &I	CHEMBL1644695
QV2MQ	CHEMBL1645224
10SWM3M3M6M3M3MSW10 &GH	CHEMBL1631499
12SWM3M3M6M3M3MSW12 &GH	CHEMBL1631500
-KA- &E	CHEMBL1644030
8SWM3M3M6M3M3MSW8 &GH	CHEMBL1631498
QV3MQ	CHEMBL1645226
-NA- &E	CHEMBL1644694
7U2U1VO2	CHEMBL1644938
Z3M4M3M3MSW8 &GH	CHEMBL1631508
Z3M4M3M3MSW10 &GH	CHEMBL1631509
Z3M4M3M3MSW12 &GH	CHEMBL1631510
Z3M4M3M3MSW16 &GH	CHEMBL1631511
Z3M4M3M3MSW18 &GH	CHEMBL1631512
QV1MQ	CHEMBL1645222
QV1MVV14	CHEMBL1644546
QV2MVV14	CHEMBL1644547
Z3M4M3MSW12 &GH	CHEMBL1631505
Z3M4M3MSW16 &GH	CHEMBL1631506
Z3M4M3MSW18 &GH	CHEMBL1631507
Q2SW2V1	CHEMBL1631456
16SWM3M3M6M3M3MSW16 &GH	CHEMBL1631501
18SWM3M3M6M3M3MSW18 &GH	CHEMBL1631502
Z3M4M3MSW8 &GH	CHEMBL1631503
Z3M4M3MSW10 &GH	CHEMBL1631504
SH1VM1VM1VM1VQ	CHEMBL1615778
QG	CHEMBL1616046
ZM4	CHEMBL1619936
Z2CN	CHEMBL1618272
QV2VMMV7	CHEMBL1726537
2VM9MV2	CHEMBL1727837
1O2O2O2MV2VM2SS2MV2VM2O2O2O1	CHEMBL1644263
1O2O2O2MV3VM2SS2MV3VM2O2O2O1	CHEMBL1644264
1O2O2O2O2MV2VM2SS2MV2VM2O2O2O2O1	CHEMBL1644265
1O2O2O2O2MV3VM2SS2MV3VM2O2O2O2O1	CHEMBL1644266
1SWM6MSW1	CHEMBL1702595
E10U1	CHEMBL1702186
QV1U1VM3	CHEMBL1717251
QMSW2	CHEMBL1689435
Z2E	CHEMBL1697693
VHO2U1	CHEMBL1697703
QV1O1	CHEMBL1697714
F5F	CHEMBL1697728
Q2MV7U1V8	CHEMBL1672531
G2MV8U3U3U3	CHEMBL1672674
QV1MV8U3U3U3	CHEMBL1672676
QMV3	CHEMBL1672332
QV1MV6V1U9	CHEMBL1672658
G2MV12U9	CHEMBL1672684
G2MV6V1U9	CHEMBL1672652
QV1MV7V1U8	CHEMBL1672657
Q2MV12U9	CHEMBL1672682
QV1MV3U3U3U2U3U3U3	CHEMBL1672694
QV2SW12	CHEMBL1727983
14O2O2O2OV13	CHEMBL1651992
Q2O2O2O12	CHEMBL1651993
G2MV8U3U6	CHEMBL1671876
G2MV8U9	CHEMBL1672670
Q2MV3U3U3U2U3U3U3	CHEMBL1672690
QV3U3U3U2U3U3U3	CHEMBL1672688
G2MV3U3U3U2U3U3U3	CHEMBL1672692
Q2MV6V1U9	CHEMBL1672533
G2MV7V1U8	CHEMBL1672651
Q2MV8U1V7	CHEMBL1672530
Q2MV7V1U8	CHEMBL1672532
G2MV8U1V7	CHEMBL1672649
G2MV7U1V8	CHEMBL1672650
10SWM3M3M6M3M3MSW10	CHEMBL1739104
QV2V1MV1	CHEMBL1770342
16SWM3M3M6M3M3MSW16	CHEMBL1739256
18SWM3M3M6M3M3MSW18	CHEMBL1739257
6MSWM6	CHEMBL1630905
12SWM3M3M6M3M3MSW12	CHEMBL1739105
QV4MVV14	CHEMBL1644548
QV1U1VO4	CHEMBL1771640
Z3VO2	CHEMBL1741856
QV2M1VQ	CHEMBL1741719
QSWOMOSWQ	CHEMBL1741053
Q3S2Q	CHEMBL1741874
Z1SWQ	CHEMBL1741886
Z3M3Z &GH &GH &GH	CHEMBL1788157
QV1U2Q	CHEMBL1742377
ZV2U2VZ	CHEMBL1742277
4OV2VO4	CHEMBL1788388
QV5U2U3U3U6	CHEMBL1743215
QV1V1V1U1VQ	CHEMBL1743220
QV11S2	CHEMBL1760728
Z2S2VQ	CHEMBL1741934
QSW3	CHEMBL1741924
Q2S10S2Q	CHEMBL1697775
1VO2U1	CHEMBL1890774
ZQ &ZQ &QSWQ	CHEMBL1901516
Q5U5	CHEMBL1902454
Q9U5	CHEMBL1904946
1OV2S2VO1	CHEMBL1899866
14VO1	CHEMBL1900809
8MSW2M8	CHEMBL1891012
Q2O2O2O2	CHEMBL1900144
GV7VG	CHEMBL1728994
2OV8VO2	CHEMBL1884461
NC11	CHEMBL1879602
2O2O2	CHEMBL1877517
QV4U3U12	CHEMBL1882265
Q2O2O4	CHEMBL1904721
Z10VQ	CHEMBL1903820
Z2VO2 &GH	CHEMBL1880930
QV1U1VO3	CHEMBL1771638
QV1U1VO5	CHEMBL1771641
QV1U1VO6	CHEMBL1771642
QV1U1VO2	CHEMBL1771637
8SWM3M3M6M3M3MSW8	CHEMBL1739076
QV1U2U4U3U3U3U3	CHEMBL1927476
9V3	CHEMBL1922860
1U2SSSS2U1	CHEMBL1947232
2OV16VO2	CHEMBL1926994
NC15	CHEMBL1952291
G1V15	CHEMBL1952290
QV11U3U6	CHEMBL1917280
QMV13	CHEMBL1894226
WNO6M2	CHEMBL1789581
4MVO2UU1I	CHEMBL1893913
ZV1U1VM2VQ	CHEMBL1161512
14U9	CHEMBL1894305
6U3U9MSWM3	CHEMBL569658
QV17U3U6	CHEMBL1917281
QV31	CHEMBL1917282
VH7U9	CHEMBL1812584
QV7U3U6	CHEMBL1917279
9VV2	CHEMBL1922856
10V2	CHEMBL1922862
QV1U2U1VQ	CHEMBL1922185
13U1	CHEMBL1892257
Z10M3Z	CHEMBL1894758
ZVMVZ	CHEMBL1889026
QSWO12 &ZH	CHEMBL1893617
Z3O12	CHEMBL1887483
11VO1	CHEMBL1894365
4O2O2OV1	CHEMBL1892052
Q1MV1U1	CHEMBL1892361
G2O1O2G	CHEMBL1893366
QMV9	CHEMBL1888403
QV1U2U2U2	CHEMBL1977152
ZZ &QSWQ	CHEMBL1981828
SH2S3S2SH	CHEMBL1981348
2OVMMVM4MVMMVO2	CHEMBL1979648
1OV2VM2VM1	CHEMBL1977531
VHMV1V1	CHEMBL1977299
Z2VO2	CHEMBL1907041
1SW1SS1S1SW1	CHEMBL1981193
Z9U9	CHEMBL1976606
Q4V1	CHEMBL1981716
1OV2VM1VM1	CHEMBL1980172
4OV1MVO5UU2UU5OVM1VO4	CHEMBL1978571
1U2SW2U1	CHEMBL1908233
QV2O10	CHEMBL1871969
SH2O2O2Q	CHEMBL1935490
1SWO3M3OSW1 &GH	CHEMBL1983895
G3SWS3G	CHEMBL1984157
2S3S2S2	CHEMBL1965413
NCS1UU4UU1SCN	CHEMBL1968571
E1V13	CHEMBL1965568
1OV3VM3VM1	CHEMBL1987803
VH1U3O1O1	CHEMBL1989734
Z2SWS2Z &GH	CHEMBL1985348
VHM1M2Q	CHEMBL1984734
3V1U1S1U1V3	CHEMBL1988815
E2SW2E	CHEMBL1966414
1O3MV1VM3O1	CHEMBL1984959
NC5O2O2O2O2O5CN	CHEMBL1985322
VHM11	CHEMBL1987562
Q2U2MVO2	CHEMBL1988830
1VMO1	CHEMBL1990145
WN1U1OV1U1VO2	CHEMBL1987647
Z5SWQ	CHEMBL1984049
QMVM2G	CHEMBL1987822
1SWMV2U1VO1	CHEMBL1965048
Z3M2SS2U2SS2M3Z &GH	CHEMBL1966946
Q2S3S2Q	CHEMBL1984911
QV6V10	CHEMBL1990384
4U1MV1U2U3	CHEMBL1970090
1MVM1MVM1	CHEMBL1970092
QV1U1VM2U1	CHEMBL1975549
Z2SS2U2SS2Z &GH	CHEMBL1979625
ZV1MSW13	CHEMBL1977497
Z3M3M3Z &EH	CHEMBL1970168
11VO2O2O2O2O2OV11	CHEMBL1979886
Z5MO3Z &GH	CHEMBL1970311
Q1MV13	CHEMBL1973209
8VM3M3MV8	CHEMBL1971238
QV4UU4VQ	CHEMBL1976338
10SVM1	CHEMBL1970703
16SSW1	CHEMBL1970837
4OV1MVO2U2UU2UU2U2OVM1VO4	CHEMBL1978666
1VS2U1	CHEMBL1978794
Q28	CHEMBL1951714
2VM2SV1UU2	CHEMBL1971648
15VO2O2O2O2O2OV15	CHEMBL1981239
QV2M4M2VQ &GH	CHEMBL1969549
QV1U3Q	CHEMBL1963518
G3SS3G	CHEMBL1966651
8U3UU2UU1V1U1	CHEMBL1973480
NC1U2U2U3U4	CHEMBL1952391
Q3VO2	CHEMBL1964670
2MV1UU1VM2	CHEMBL1967835
Z3O1VQ	CHEMBL1966273
ZVMV1U1VO2U1	CHEMBL1974032
ZV1MV1MV1MVO2 &GH	CHEMBL1969870
2M4M4M4M4M2 &GH	CHEMBL1965198
QV7V1U2UU2U4	CHEMBL1956877
2OVMMVM2MVMMVO2	CHEMBL1964739
ZV1UU2UU2UU2Q	CHEMBL1967731
ZV2U2VZ	CHEMBL1967044
ZV1UU1VZ	CHEMBL1978380
17VM3M3MV17	CHEMBL1975267
QV1U2U2U2U1VQ	CHEMBL1975916
3U1VM1	CHEMBL3352957
QV1MV3VM1VQ	CHEMBL1996471
2UU1VM1	CHEMBL3352947
E1VM1	CHEMBL3352949
G1VM1	CHEMBL3352950
2U1VM1	CHEMBL3352958
QV8V8	CHEMBL1994343
WNO1VO2U2	CHEMBL1992203
8MVS4	CHEMBL1996094
Q2UU2MG	CHEMBL1998044
QV8UU2U7	CHEMBL1967321
2M4M2	CHEMBL1998989
Z3M2SH &GH	CHEMBL1996956
QV1UU2Q	CHEMBL1994370
QV2M3M2VQ &GH	CHEMBL1999003
QV11U6	CHEMBL1917278
VH1U11	CHEMBL1995395
QV9U3U6	CHEMBL1917277
F1SWO4OSW1	CHEMBL1998148
1O2U2O1	CHEMBL1994550
SH3S2S3S2SH	CHEMBL1995075
Z3M2SS2U2SS2M3Z	CHEMBL2010480
Z1VM1VO1	CHEMBL2013037
QSWS2U2SSWQ	CHEMBL2008610
1SWO3OSW1	CHEMBL2006588
QSW2SS2SWQ	CHEMBL2009034
Z5MO3Z	CHEMBL2009866
8SVM4	CHEMBL2002877
QSW1SWO2G	CHEMBL2008397
WNO1VO3U1	CHEMBL2002775
1SWO3S2S3OSW1	CHEMBL2002783
ZMV7VQ	CHEMBL2003144
Z2SS2U2SS2Z	CHEMBL2009031
ZV1MV1MV1MVO2	CHEMBL2009274
F1SWO4OSW1F	CHEMBL2005224
Z2S2VQ &GH	CHEMBL2007378
ZV1UU1VO1	CHEMBL2001725
QSW13	CHEMBL2009809
QSWS2U2SSWQ	CHEMBL2009647
QV2U2VQ	CHEMBL2001981
QV2M3M2VQ	CHEMBL2010182
1VM4M3MV1	CHEMBL2008816
Z4MO3Z	CHEMBL2009213
QV2M4M2VQ	CHEMBL2010404
Q2UU3O1O1	CHEMBL2004904
3SW1U1SW3	CHEMBL2003767
G2U1OVOV1	CHEMBL2005268
Z3OM3Z &GH	CHEMBL1989035
Z3VO2 &GH	CHEMBL2004022
12MV1	CHEMBL1985394
6U2U9VO1	CHEMBL2004275
3U3U3U8VO2	CHEMBL2005772
Z3S1VQ	CHEMBL2004004
2OV3S3V3S3VO2	CHEMBL2001199
Q2VO9U8U7OV2Q	CHEMBL1983844
1SS1S1	CHEMBL1988732
QV2G	CHEMBL1990700
QV5Q	CHEMBL2006530
Z4MO3Z &EH	CHEMBL1988870
1V1VO1V1	CHEMBL1987193
1OV1VO1	CHEMBL1986332
Q2M1Q	CHEMBL2000638
ZV1V1	CHEMBL1984636
E1O2OV1	CHEMBL1986586
10OVM3	CHEMBL2000872
QV1U2U2U2U2	CHEMBL2006892
4MSSM4	CHEMBL2030137
3MSSM3	CHEMBL2030135
Z3OV15	CHEMBL2035893
3SSSS3	CHEMBL2030130
3OSSO3	CHEMBL2030125
Z3OV11	CHEMBL2035891
Z3OV13	CHEMBL2035892
Z1VO13	CHEMBL2035895
Z1VO15	CHEMBL2035897
Z1VO16	CHEMBL2035898
Z2VO12	CHEMBL2035899
Z2O14	CHEMBL2036093
Z1VO12	CHEMBL2035894
Z2O16	CHEMBL2036096
4OSSO4	CHEMBL2030127
Z2O12	CHEMBL2036092
Z2VO13	CHEMBL2036094
Z2VO14	CHEMBL2036095
Z2OV13	CHEMBL2035888
ZVZ	CHEMBL2096635
G1U1	CHEMBL2311071
3U3U3U3U3U4VO2	CHEMBL2095209
ZVZ	CHEMBL2096648
Z3OV9	CHEMBL2035890
Z3O14	CHEMBL2036097
Z3O16	CHEMBL2036098
Z15	CHEMBL2036099
Z2OV9	CHEMBL2035886
Z1VO14	CHEMBL2035896
2OV1U1VO2	CHEMBL2037000
Z2OV11	CHEMBL2035887
15VMSWO1	CHEMBL2087196
QV1MV1M1	CHEMBL2075020
1SWO1OSW1	CHEMBL1996382
2SS1SW1	CHEMBL1998392
Z2OV15	CHEMBL2035889
1VM4M3MV1 &GH	CHEMBL1994850
ZV1U1VQ	CHEMBL1999289
ZVVZ	CHEMBL1995464
QV1M2UU1	CHEMBL1993296
ZMV2VQ	CHEMBL2164246
QV2VMM1	CHEMBL2164245
QV12U3	CHEMBL2171114
QV13U3	CHEMBL2171115
QV14U3	CHEMBL2171116
QV15U3	CHEMBL2171117
QV16U3	CHEMBL2171118
QV18U3	CHEMBL2171120
WNO6Q	CHEMBL2170567
QV17U3	CHEMBL2171119
QV1OV1	CHEMBL2207139
QV1OV1MV1	CHEMBL2207140
QV8UU2UU2U5	CHEMBL2204412
Z9U9 &FH	CHEMBL2106567
QV5MV1	CHEMBL2105922
QSWO5	CHEMBL2111075
4SSSS4	CHEMBL2030132
QH	CHEMBL2105800
Q2O2O2O2O2O2O2O2O2O2S12	CHEMBL2104396
Z9U9	CHEMBL2110897
G &-KA-	CHEMBL2105895
Q2MV7VM2Q	CHEMBL2105967
4OV8VO4	CHEMBL2106225
QV1U1VO18	CHEMBL2111141
QV2S1VQ	CHEMBL2104680
Q2O2O2O2O2O2O2O2O2O2O2O2O2O2O2O2O2O2O2O2O2O2O2O2O2O2O2O2O2O2O2O2O2O2O2O2O2O2O2O2O2O2O2O2O2O2O2O2O2O2OV17	CHEMBL2105771
17VO2OV17	CHEMBL2106683
Q9U9	CHEMBL2105350
-NA- &G	CHEMBL2103896
QV15I	CHEMBL2110684
1U1O1U1	CHEMBL2105883
ZV1M5 &GH	CHEMBL2105888
9U8VO2	CHEMBL2106289
QV15I	CHEMBL2105049
6U3U8VO2	CHEMBL2106238
ZMV1CN	CHEMBL2106008
-NA- &I	CHEMBL2105877
QV3OV1	CHEMBL2104034
QH	CHEMBL2106489
QV1M2M2M12	CHEMBL2105028
QSW1I	CHEMBL2110978
16OV15	CHEMBL2106073
1OV1U1VO1	CHEMBL2107333
Z16 &FH	CHEMBL2104336
VH1U1 &SH2SWQ	CHEMBL2219745
QV4S12F	CHEMBL2221296
QV2S14F	CHEMBL2221299
QV2S5U9F	CHEMBL2221300
QV2S12F	CHEMBL2221302
NC1E	CHEMBL2139477
4O2OV1	CHEMBL2141776
NC1U3	CHEMBL2138413
GV1U1VG	CHEMBL2143883
1O3MV4VM3O1	CHEMBL2135637
Q2O2O6	CHEMBL2131110
NC4CN	CHEMBL2132938
4O2O2OV4VO2O2O4	CHEMBL2132625
9VO1	CHEMBL2137647
QV4S12F	CHEMBL2178994
QV2S14F	CHEMBL2178995
QV2S5U9F	CHEMBL2178997
QV1UU12	CHEMBL2153501
QV2S12F	CHEMBL2178996
QV1UU16	CHEMBL2153502
NC1VM2	CHEMBL2333145
WN1E	CHEMBL2335229
ZSWO6	CHEMBL2335232
NCVCN	CHEMBL2333073
NC1VM3	CHEMBL2333146
ZV1CN	CHEMBL2333142
NC1VM1	CHEMBL2333144
QV10U5MVM2	CHEMBL560030
QV7U5MVO5	CHEMBL562441
QV7U5MVM5	CHEMBL558097
QV7U4OMVM5	CHEMBL560419
1OV5MV5MV5MV4VO1	CHEMBL2337440
NCMCN	CHEMBL2365294
Z2M2M2Z &GH &GH	CHEMBL3989777
Q2O2O2O2O2O2O2O2O2O2O2O2O2O2O2O2O2O2O2O2O16	CHEMBL2355804
Q2OV17	CHEMBL2355383
QV2O12	CHEMBL2397319
QV9O5	CHEMBL2397323
QV6UU11	CHEMBL2397332
QV11O3	CHEMBL2397324
QV7O2O2O1	CHEMBL2397325
QV1O13	CHEMBL2397318
QV4O10	CHEMBL2397320
QV5O9	CHEMBL2397321
QV8O6	CHEMBL2397322
8V8	CHEMBL2398215
8S8	CHEMBL2398216
8SW8	CHEMBL2398217
7U1V1UU1	CHEMBL2408387
7VO2OV7	CHEMBL2268841
14VO3	CHEMBL2297205
2U2UU3U6V1	CHEMBL2297643
7U7U1	CHEMBL2297644
Q4G	CHEMBL2260957
Q6G	CHEMBL2260959
VH2M4M2VH	CHEMBL2261440
Z3M3VH	CHEMBL2261441
Z3VH	CHEMBL2261442
Z4VH	CHEMBL2261443
3VO2O2OV3	CHEMBL2268853
4VO2O2OV4	CHEMBL2268855
1OV1U1VO1	CHEMBL2259700
10MMV1O1	CHEMBL2443335
ZMV8U9	CHEMBL2443187
14MMV1O1	CHEMBL2443334
Z1VO2	CHEMBL2448938
Z4VO2	CHEMBL2448939
QSW1	CHEMBL3039600
Z3M5SV1	CHEMBL3040233
Z3M5SW1	CHEMBL3040235
3VO2U1	CHEMBL2229584
5VO2U1	CHEMBL2229585
7VO2U1	CHEMBL2229586
9VO2U1	CHEMBL2229587
11VO2U1	CHEMBL2229588
13VO2U1	CHEMBL2229589
Z3M5SH	CHEMBL3040253
1MM1 &GH	CHEMBL3039322
Z5VO2	CHEMBL2448940
Z3M5V1SV1	CHEMBL3040184
Z3M5V1O1	CHEMBL3040185
QV1U1V12	CHEMBL2230197
QV1U9	CHEMBL2288885
Z1V5VQ &GH	CHEMBL2286788
VH12	CHEMBL2228568
VH13	CHEMBL2228569
VH1U4	CHEMBL2228570
G1VM2U1	CHEMBL2251311
Q5UU5UU5	CHEMBL2235286
ZH &ZH &QSWOOSWQ	CHEMBL2447905
3U3U3U3U3U3U3VO2	CHEMBL2447914
2U2UU2UU2U1VO1	CHEMBL2229362
Q3U3	CHEMBL2251452
4U2OV1	CHEMBL2251453
3U3OV1	CHEMBL2251454
Q2U10	CHEMBL2228468
Q2U11	CHEMBL2228469
Q2U12	CHEMBL2228470
10V1	CHEMBL2228472
7V1	CHEMBL2228473
Q2U8	CHEMBL2228372
VH11	CHEMBL2228373
VH8	CHEMBL2228376
VH9	CHEMBL2228377
QV1U8	CHEMBL2229622
Q2MV1U1S1	CHEMBL2235398
QV1U4	CHEMBL2252747
QV1U4	CHEMBL2252748
2SWM3MSW2	CHEMBL2234359
2SWM4MSW2	CHEMBL2234360
2SWM5MSW2	CHEMBL2234361
3SWM5MSW3	CHEMBL2234363
1SWM3MSW1	CHEMBL2234355
1SWM4MSW1	CHEMBL2234356
1SWM5MSW1	CHEMBL2234357
2SWM2MSW2	CHEMBL2234358
VH1U10	CHEMBL2228452
VH1U12	CHEMBL2228453
6OV1	CHEMBL2228454
7OV1	CHEMBL2228455
8OV1	CHEMBL2228456
9OV1	CHEMBL2228457
10OV1	CHEMBL2228458
11OV1	CHEMBL2228459
12OV1	CHEMBL2228460
ZV1M6Z	CHEMBL2238456
13OV1	CHEMBL2228461
14OV1	CHEMBL2228462
Q2U4	CHEMBL2228463
Q2U5	CHEMBL2228464
Q2U6	CHEMBL2228465
Q2U7	CHEMBL2228466
Q2U9	CHEMBL2228467
Q3MV17	CHEMBL2238331
1SWM2MSW1	CHEMBL2234320
17VO2U1	CHEMBL2229590
6U2U1VO2	CHEMBL2229606
QV22U6U8	CHEMBL3103082
QV22U8U6	CHEMBL3103083
QV22U11U3	CHEMBL3103084
QV30U11U3	CHEMBL3103085
QV10U11	CHEMBL3103072
QV3U11U3	CHEMBL3103078
QV36	CHEMBL3103071
Q14U14	CHEMBL3103073
QV13U14	CHEMBL3103074
Q23U14	CHEMBL3103075
QV22U14	CHEMBL3103076
QV22U18	CHEMBL3103077
QV8U11U3	CHEMBL3103079
QV11U11U3	CHEMBL3103080
QV22U3U11	CHEMBL3103081
2M3M2U2M3M2 &GH	CHEMBL3104344
1VMMV1	CHEMBL3091852
ZMV1	CHEMBL3091859
ZMV2VMZ	CHEMBL3091861
3U3U3U3U3U5U1	CHEMBL3120704
QV5MVM5VQ	CHEMBL3109664
Z2O2O2Q	CHEMBL3092861
1VM5MV1	CHEMBL3120730
3VM6MV3	CHEMBL3120736
ZMV1U1VMZ	CHEMBL3091860
ZMV10VMZ	CHEMBL3091862
QM10U1	CHEMBL3115950
QM2U2U3U4	CHEMBL3115951
6U3U3U3U5U1	CHEMBL3120703
1VM3MV1	CHEMBL3120729
VHO7	CHEMBL2270392
VHO3	CHEMBL2270393
VHO4	CHEMBL2270394
VHO2OVH	CHEMBL2270395
4VO2OV4	CHEMBL2268573
5VO2OV5	CHEMBL2268574
7VO2O2OV7	CHEMBL2268557
7VO5OV7	CHEMBL2268563
VH1V7	CHEMBL2263516
VH1V11	CHEMBL2263517
3VO5OV3	CHEMBL2268558
4VO5OV4	CHEMBL2268560
5VO5OV5	CHEMBL2268561
3VO2O2O2OV3	CHEMBL2268569
4VO2O2O2OV4	CHEMBL2268570
3VO2OV3	CHEMBL2268571
17OV16	CHEMBL2263511
18VO17	CHEMBL2263512
VH1U2U3	CHEMBL2269080
5V2	CHEMBL2269087
Q2U3	CHEMBL2269088
6VO2U1	CHEMBL2268885
3MVS2	CHEMBL2269069
QV27	CHEMBL2261064
5VO2O2OV5	CHEMBL2268856
15VO6OV15	CHEMBL2262533
QV9U2UU2U2U2	CHEMBL2269542
QV8U2U1V5	CHEMBL2253146
4UU2UU2U1VO1	CHEMBL2269913
VHO6	CHEMBL2270391
Z3M5V1 &GH &GH	CHEMBL3142707
QV8U3U6 &QV5U3U3U6 &QV3U3U3U3U3U6 &QV8U3U3U3 &QV7U3U3U3U3 &QV6U3U3U3U3U3 &QV5U3U3U3U3U3 &QV4U3U3U3U3U3 &QV3U3U3U3U3U3U3	CHEMBL3137327
QV1OV7	CHEMBL3221586
QSWO1	CHEMBL3219364
SH2U1	CHEMBL3222024
Z1V5VQ	CHEMBL3138845
Z2SS2MV3VM2SS2MV3VM2SS2Z &GH &GH	CHEMBL3216486
Z3M5SV1 &GH &GH	CHEMBL3216593
3MVM3M3M3MVM3 &GH &GH	CHEMBL3216701
Z3M5V1SV1 &GH &GH	CHEMBL3217245
Z8Z &GH &GH	CHEMBL3216710
3MVM3M6M3MVM3 &GH &GH	CHEMBL3215867
Z3S3Z &GH &GH	CHEMBL3215964
Z3M5V1O1 &GH &GH	CHEMBL3216818
QV5U12	CHEMBL3139878
2M4M4M4M4M2U2M4M4M4M3M2	CHEMBL3220506
2MVM3M6M3MVM2 &GH &GH	CHEMBL3216102
QV1MV9	CHEMBL3221595
Z3M5VMQ &GH &GH	CHEMBL3215699
Z3M5SH &GH &GH	CHEMBL3215700
Z3M5SW1 &GH &GH	CHEMBL3215701
Z3M5VQ &GH &GH	CHEMBL3215702
Z4S3Z &GH &GH	CHEMBL3216865
Z3O3Z &GH &GH	CHEMBL3217082
9U8VMSWM3	CHEMBL3219356
QV1OV5	CHEMBL3221587
QV1OV9	CHEMBL3221589
Z2SS2MV2VM2SS2MV2VM2SS2Z &GH &GH	CHEMBL3215831
2MVM3M4M3MVM2 &GH &GH	CHEMBL3216251
2MVM3M7M3MVM2 &GH &GH	CHEMBL3216252
QV2MV2M2	CHEMBL3219496
QV1SV9	CHEMBL3221583
QV1OV13	CHEMBL3221584
QV1OV11	CHEMBL3221585
Z4Z &GH	CHEMBL3229239
3MVM3M7M3MVM3 &GH &GH	CHEMBL3216255
2MVM3M3M3MVM2 &GH &GH	CHEMBL3216053
3MVM3M4M3MVM3 &GH &GH	CHEMBL3217135
9U4OV1	CHEMBL3182001
SH2S2SH	CHEMBL3182274
1O2O2O2O2O1	CHEMBL3182543
5OV3	CHEMBL3183048
2VO1	CHEMBL3183973
Q6U3	CHEMBL3182724
2OV9U1	CHEMBL3182950
Q9U1	CHEMBL3183198
E15	CHEMBL3183401
NC7	CHEMBL3183772
9OV4VO7	CHEMBL3183805
Q2O2O2O3	CHEMBL3184425
QV8U7	CHEMBL3182018
15U1	CHEMBL3182381
ZVM4	CHEMBL3182932
2OV2V1	CHEMBL3182933
GVO2	CHEMBL3183406
ZMVO1	CHEMBL3183780
QV4VO1	CHEMBL3183809
5S5	CHEMBL3184537
Q3U3	CHEMBL3184538
E5E	CHEMBL3182198
NC1U11	CHEMBL3182652
2U3U9OV1	CHEMBL3183149
NCS12	CHEMBL3183269
3U11OV1	CHEMBL3181839
GVO1	CHEMBL3182300
Q2S8	CHEMBL3183276
ZM2Q	CHEMBL3183346
Z2O2Q	CHEMBL3183757
E14	CHEMBL3184338
1M1 &WNQ	CHEMBL3183852
NC2O8	CHEMBL3181931
2U3U1	CHEMBL3182034
G2U2G	CHEMBL3182662
Q2OV8U9	CHEMBL3182752
NC2S2CN	CHEMBL3184544
E12	CHEMBL3184907
12I	CHEMBL3181940
Q4O1U1	CHEMBL3182123
G2U2G	CHEMBL3182125
1U1O2O2O1U1	CHEMBL3183169
2OVVO2	CHEMBL3183226
Z2O2Z	CHEMBL3183428
6U3U8VO1	CHEMBL3183866
Q2O9U9	CHEMBL3183983
G14	CHEMBL3184755
4V1U2	CHEMBL3185048
Q1MVM1Q	CHEMBL3185052
Q2O18	CHEMBL3181944
9U8VO4	CHEMBL3183174
G2S2	CHEMBL3183525
10U2U2U2U2U1VO2	CHEMBL3183842
7VO1	CHEMBL3183908
Z3O8	CHEMBL3183992
Q1MV1G	CHEMBL3184823
G10	CHEMBL3185190
E13	CHEMBL3183299
QV9VQ	CHEMBL3183300
NC2OV1U1	CHEMBL3184893
6OV7VO6	CHEMBL3184936
SH12	CHEMBL3185403
1VO9U1	CHEMBL3185404
1VVO1	CHEMBL3185405
QV1U1VO1	CHEMBL3181865
SH8	CHEMBL3182056
1U1VO4OV1U1	CHEMBL3182145
7VO6	CHEMBL3182596
6U2VO1	CHEMBL3183304
8M1	CHEMBL3184897
6UU1VO1	CHEMBL3185035
2O2O2OV1U1	CHEMBL3184039
SH1VO2	CHEMBL3181965
G6G	CHEMBL3183456
2O2O2OV1	CHEMBL3185106
QV2OV1U1	CHEMBL3185107
VH10U5	CHEMBL3185124
7UU1VO1	CHEMBL3185173
1OVO1	CHEMBL3185216
NC2U2	CHEMBL3181969
E17	CHEMBL3182248
G9	CHEMBL3182251
1O3O3O1	CHEMBL3182517
NC1U3	CHEMBL3185046
VH9U1	CHEMBL3185269
6OV4VO6	CHEMBL3185271
3U11OV1	CHEMBL3182789
QV1U2	CHEMBL3185203
1U1VO2OV1U1	CHEMBL3185327
ZVZ &QQ	CHEMBL3184026
GSW8	CHEMBL3184616
NC2O2O2CN	CHEMBL3182354
6OV3	CHEMBL3182794
G1O1	CHEMBL3185256
3OV2	CHEMBL3185284
17H	CHEMBL3185332
Q5U3	CHEMBL3184730
12S1	CHEMBL3184767
QV10VQ	CHEMBL3182356
Z2Z &IH &IH	CHEMBL3182879
9I	CHEMBL3184063
Q2O2O2O4	CHEMBL3184092
7U1VO1	CHEMBL3184812
9VO2	CHEMBL3184829
1OV1U1VO1	CHEMBL3181998
4OV7VO4	CHEMBL3182086
3V2	CHEMBL3184187
6VO2	CHEMBL3184220
GSW4	CHEMBL3184302
Z3 &WNQ	CHEMBL3184359
Q1VO4	CHEMBL3184386
4M4	CHEMBL3184528
G16	CHEMBL3184566
ZM1 &QSWQ	CHEMBL3184622
QV1S11	CHEMBL3184945
1VO2O2O2OV1	CHEMBL3186191
12U1	CHEMBL3186542
8S2	CHEMBL3186809
8OV8VO8	CHEMBL3187412
3U3OV2	CHEMBL3188009
SH8SH	CHEMBL3188161
SH4	CHEMBL3188256
2M2 &GH	CHEMBL3188625
QV3U1	CHEMBL3185583
Z3O1	CHEMBL3186458
4MVM4	CHEMBL3186549
Q8U2U2	CHEMBL3187120
13OV2S2VO13	CHEMBL3187330
17U1	CHEMBL3187417
NC1CN	CHEMBL3187514
G18	CHEMBL3187568
Q2O6	CHEMBL3188016
Q2M2	CHEMBL3188262
Q2MV1	CHEMBL3188272
NC1VO4	CHEMBL3186378
SH2VO4	CHEMBL3186821
8VO2	CHEMBL3187336
Q2UU2Q	CHEMBL3187551
5VO3U3	CHEMBL3187552
Q2U2U2	CHEMBL3187813
6M6	CHEMBL3188279
ZVMMVZ	CHEMBL3188383
SH2VO1	CHEMBL3188420
4OV2V1	CHEMBL3188634
QV1CN	CHEMBL3185860
2VOV2	CHEMBL3186472
SH1VO2OV1SH	CHEMBL3186931
5OV4	CHEMBL3187606
4O1MV1U1	CHEMBL3187607
10OV1U1	CHEMBL3187720
E9	CHEMBL3188426
1OV7VO1	CHEMBL3188858
3SS2U1	CHEMBL3187351
3OV4VO3	CHEMBL3187954
Q2U2Q	CHEMBL3188586
1U2OV1U1VO2U1	CHEMBL3186659
NC1VO2O1	CHEMBL3186943
GV1G	CHEMBL3187685
G1V1VO2	CHEMBL3187729
G1O1G	CHEMBL3185875
3M3	CHEMBL3185961
6OV2	CHEMBL3186132
Z2M2Q	CHEMBL3186403
5V1U1	CHEMBL3186486
SH2O2O2SH	CHEMBL3187655
QV1U1VO2	CHEMBL3188441
VHMMVH	CHEMBL3185965
ZMV4VMZ	CHEMBL3185968
Z2 &WNQ	CHEMBL3186052
1V1VO1	CHEMBL3186053
1VO2OV1	CHEMBL3186227
5VO5	CHEMBL3187784
11VO2	CHEMBL3187842
E11	CHEMBL3188046
QV11VQ	CHEMBL3187746
6I	CHEMBL3188734
NC9	CHEMBL3185975
G1VO2	CHEMBL3186148
3O3	CHEMBL3187166
Q2O2UU2O2Q	CHEMBL3187230
NC1G	CHEMBL3187297
2OV1U1VO2	CHEMBL3187857
GVO2O2OVG	CHEMBL3188675
E16	CHEMBL3188886
E4E	CHEMBL3185714
NC1U3	CHEMBL3185899
2V1U2	CHEMBL3186070
7OV3	CHEMBL3186512
Q2U4U3	CHEMBL3186514
9U1	CHEMBL3187990
G2O2O2G	CHEMBL3188977
GV8	CHEMBL3189014
QV2VO2OV1U1	CHEMBL3189015
QV3MV6U3U3U3U6	CHEMBL3187308
4OVVO4	CHEMBL3185643
NC1VO2	CHEMBL3186698
4OV4VO4	CHEMBL3188143
VH1U2U5	CHEMBL3185994
1OV8VO1	CHEMBL3186083
1U2M2U1	CHEMBL3186706
6OV5	CHEMBL3187323
Z2Q &VHQ	CHEMBL3189034
E1VVO2	CHEMBL3185574
NC1M1CN	CHEMBL3186090
Z2O2O2Z	CHEMBL3186348
E6	CHEMBL3187491
3VV1	CHEMBL3187497
9U8VO2OV8U9	CHEMBL3188920
Q2O3	CHEMBL3189002
GSWG	CHEMBL3186735
Q2O2O2O2O4	CHEMBL3186714
Z3O2O2O3Z	CHEMBL3187499
Q4OV1U1	CHEMBL3189040
SH3Q	CHEMBL3234722
SH2VO2	CHEMBL3234723
QVV4	CHEMBL3247426
5O1V1O5	CHEMBL3249571
Z6SH	CHEMBL3247584
5SWO2M2OSW5 &GH	CHEMBL3248880
1SWO2M2OSW1 &GH	CHEMBL3248876
3OV1U1VO3	CHEMBL3247948
3OV1U1VO3	CHEMBL3247949
4OV1U1VO4	CHEMBL3247950
5OV1U1VO5	CHEMBL3247951
2SWO2M2OSW2 &GH	CHEMBL3248877
3SWO2M2OSW3 &GH	CHEMBL3248878
4SWO2M2OSW4 &GH	CHEMBL3248879
1OV1UU1VO1	CHEMBL3248452
3SWO6M3OSW3 &GH	CHEMBL3248890
Z6S1	CHEMBL3247585
5OV1U1VO5	CHEMBL3247952
6OV1U1VO6	CHEMBL3247953
6OV1U1VO6	CHEMBL3247954
2SWO3M3OSW2 &GH	CHEMBL3248881
3SWO3M3OSW3 &GH	CHEMBL3248882
4SWO3M3OSW3 &GH	CHEMBL3248883
1SWO6M2OSW1 &GH	CHEMBL3248884
2SWO6M2OSW2 &GH	CHEMBL3248885
3SWO6M2OSW3 &GH	CHEMBL3248886
4SWO2M6OSW3 &GH	CHEMBL3248887
1OV2U1VO1	CHEMBL3247959
1SWO6M3OSW1 &GH	CHEMBL3248888
2SWO6M3OSW2 &GH	CHEMBL3248889
Z9M2SS2M9Z	CHEMBL3305204
5SWO2M2OSW5	CHEMBL3303663
Z8M2SS2M8Z	CHEMBL3305526
2SWO6M2OSW2	CHEMBL3302018
1SWO2M2OSW1	CHEMBL3302572
QSW2U1	CHEMBL3306381
QSW1Q	CHEMBL3306384
4SWO2M2OSW4	CHEMBL3302839
3SWO3M3OSW3	CHEMBL3302725
1SWO6M2OSW1	CHEMBL3302726
3SWO6M2OSW3	CHEMBL3302727
QSWO9	CHEMBL3305966
2SWO6M3OSW2	CHEMBL3303205
Z12M2SS2M12Z	CHEMBL3304764
Z10M2SS2M10Z	CHEMBL3304765
3SWO6M3OSW3	CHEMBL3302201
2SWO2M2OSW2	CHEMBL3302348
3SWO2M2OSW3	CHEMBL3302349
2SWO3M3OSW2	CHEMBL3303477
4SWO3M3OSW3	CHEMBL3303478
4SWO2M6OSW3	CHEMBL3303479
QSW2M1	CHEMBL3306207
1SWO6M3OSW1	CHEMBL3303487
Z7M2SS2M7Z	CHEMBL3304782
Q1V1F	CHEMBL3276492
G1V1OV1	CHEMBL3276494
F1V1OV1	CHEMBL3276495
Z9M2SS2M9Z &GH	CHEMBL3277610
Z8M2SS2M8Z &GH	CHEMBL3277611
2OV1MV1	CHEMBL3278870
2VM1VO1	CHEMBL3278876
Z2UU1	CHEMBL3263480
ZVO3	CHEMBL3276739
ZVO4	CHEMBL3276742
4OV1U2	CHEMBL3273386
1OV1U2I	CHEMBL3273395
G2U1VO1	CHEMBL3272366
QMVM2	CHEMBL3272381
ZVO5	CHEMBL3272404
1OV4MV1I	CHEMBL3278646
QV4MV1I	CHEMBL3278661
1SWM1VO1	CHEMBL3278871
G1VM1VO1	CHEMBL3278872
2OVM1VO1	CHEMBL3278873
ZVO6	CHEMBL3277152
ZVO7	CHEMBL3277153
ZVO8	CHEMBL3277154
3OV1U2	CHEMBL3273384
5OV1U2	CHEMBL3273385
2U1VO1	CHEMBL3273387
QMVM3	CHEMBL3274874
Z12M2SS2M12Z &GH	CHEMBL3277608
Z10M2SS2M10Z &GH	CHEMBL3277609
1VM1VO1	CHEMBL3278878
F2U1VO1	CHEMBL3273388
E2U1VO1	CHEMBL3273389
E2U1VO2	CHEMBL3273390
E2U1VO3	CHEMBL3273391
E2U1VO4	CHEMBL3273392
E2U1VO5	CHEMBL3273393
E2U1VO6	CHEMBL3273394
2OV1U2I	CHEMBL3273396
3OV1U2I	CHEMBL3273397
4OV1U2I	CHEMBL3273398
5OV1U2I	CHEMBL3273399
6OV1U2I	CHEMBL3273400
ZVMO1VO2	CHEMBL3275237
2S1VM1VO1	CHEMBL3278883
16O1V1O16	CHEMBL3273582
Z7M2SS2M7Z &GH	CHEMBL3277612
Z6M2SS2M6Z &GH	CHEMBL3277613
Z5M2SS2M5Z	CHEMBL3277614
1OV1U2O1	CHEMBL3273402
2U1VO2	CHEMBL3273403
6OV1U2	CHEMBL3273404
VHM1U6	CHEMBL3277708
13V1	CHEMBL3273567
14V1	CHEMBL3273568
13V2	CHEMBL3273569
12V3	CHEMBL3273570
11V4	CHEMBL3273571
10V5	CHEMBL3273572
9V6	CHEMBL3273573
8V7	CHEMBL3273574
15V1	CHEMBL3273575
16V1	CHEMBL3273576
3SSS3	CHEMBL3222023
QV4U4U11	CHEMBL3426918
Z3M4MV1O1 &GH	CHEMBL3356846
Z4M3MV1S2MV1 &GH	CHEMBL3356849
Z3M4MV1S2MV1 &GH	CHEMBL3356850
Z3M4M3MV1S2MV2MV1 &GH	CHEMBL3356851
5MVO4UU1	CHEMBL3427090
1U8MVO4UU1	CHEMBL3427091
QSWO2O12	CHEMBL3306795
1S2U1VO1	CHEMBL3273401
QSWSSSWQ	CHEMBL3306828
QV1U9	CHEMBL3307202
Z4M3MV1S2MV2MV1	CHEMBL3545890
Z4MV1O1	CHEMBL3545891
Z4M3MV1O1	CHEMBL3545892
Z3M4M3MV1S2MV1	CHEMBL3545896
Z2M2M2MV1	CHEMBL3526873
Z4M3MV1S2MV1	CHEMBL3547471
Z3M4MV1S2MV1	CHEMBL3547472
Z3M4M3MV1S2MV2MV1	CHEMBL3547473
Z3M4MV1O1	CHEMBL3547425
Z3M2M2M2Z	CHEMBL3526694
Z3M2M2M2MV1	CHEMBL3526695
Z2M2M2M3MV1	CHEMBL3526696
15VO2	CHEMBL3561042
GV11	CHEMBL3561663
NCE	CHEMBL3561885
E6E	CHEMBL3559826
G2U1G	CHEMBL3561804
E10	CHEMBL3559832
4OV2	CHEMBL3561586
2OV2O2	CHEMBL3561286
GSW12	CHEMBL3561591
QV8U3U3U3	CHEMBL3560296
NC2O2CN	CHEMBL3560844
6OV1U1	CHEMBL3561313
QV2SS2U1	CHEMBL3596571
NC2O1	CHEMBL3560782
VH1U2	CHEMBL3561468
1OV2O1	CHEMBL3561708
GVO2OVG	CHEMBL3559948
4O2	CHEMBL3561108
4OV9U1	CHEMBL3561787
Z7	CHEMBL3561940
4O2OV8VO2O4	CHEMBL3561119
Z1 &WNQ	CHEMBL3560728
4O1U1	CHEMBL3561125
4S4	CHEMBL3561568
VH1U2UU2UU2U2U3V3	CHEMBL3601329
3V3U2U2UU2UU2U2OV1	CHEMBL3601326
G1VO2U2UU2UU2U2U3V3	CHEMBL3601328
QV1U2UU2UU2U2U3V3	CHEMBL3601330
Q2U2UU2UU2U2U3V3	CHEMBL3600603
11VM6	CHEMBL3601386
ZSWM10	CHEMBL3617408
QV1SCN	CHEMBL3580403
1U2M1	CHEMBL3558338
QSW7U5MVM5	CHEMBL3558237
4M2U1	CHEMBL3558346
NC2SW1	CHEMBL3989943
Q2MV4U3U3U3U6	CHEMBL3638052
8MVM3	CHEMBL3661332
NC4SWM1	CHEMBL3669307
8MVO1	CHEMBL3657186
G4SWM1	CHEMBL3669303
Z4SWM1	CHEMBL3669305
11MVM4	CHEMBL3661342
12MVM4	CHEMBL3661345
8MVM5	CHEMBL3661333
8MVM6	CHEMBL3661335
10OVM1	CHEMBL3657187
-NA- &I	CHEMBL3707217
ZMV6VMQ	CHEMBL3758759
ZMV4VMQ	CHEMBL3760101
Z3M12	CHEMBL3760028
Z2M10	CHEMBL3759553
Z2M14	CHEMBL3759560
Z3M10	CHEMBL3759021
Z3M14	CHEMBL3759937
ZMV5VMQ	CHEMBL3759293
QV1SV1	CHEMBL3793817
QSWSSSSSWQ	CHEMBL3754891
QSWSSSSWQ	CHEMBL3754892
QSWSSWQ	CHEMBL3754893
6M10VO1	CHEMBL3786909
Q2VO2	CHEMBL3786150
Z2MV4U3U3U3U3U3	CHEMBL3786252
QV8U2U2U2U3	CHEMBL3785424
12M10VO1	CHEMBL3785206
18M10VO1	CHEMBL3786090
6MSWM2VO1	CHEMBL3754185
Z2SH &GH &GH	CHEMBL3763421
QSWMSWQ &-NA-	CHEMBL3746920
QV1S7UU7	CHEMBL3765021
7U1V2SS2V1U7	CHEMBL3813721
8V2SS2V1U7	CHEMBL3814517
2OV2SS2U1	CHEMBL3819286
8V2SS2V8	CHEMBL3814210
Z2O2O2O6G	CHEMBL3814252
VH1Q	CHEMBL3884509
Z2UU2Z	CHEMBL3890199
E2U1VO2	CHEMBL3896702
Z2U2Z	CHEMBL3899142
Z2U1U3	CHEMBL3893497
ZMV1SH	CHEMBL3890628
QV12U4U13	CHEMBL3925528
Z2U1G	CHEMBL3945274
Z2UU1CN	CHEMBL3947059
Z2U1U1	CHEMBL3951138
Z2UU1E	CHEMBL3934737
Z2U1G	CHEMBL3974691
ZMV1S1	CHEMBL3972862
Z2UU2UU2Z	CHEMBL3959255
Z3UU2	CHEMBL3982678
